asset_id,rows,mean_row_delta_pct,weighted_primary_contribution_pct,abs_weighted_contribution_pct,abs_contribution_share,ticker,sector,candidate_vs_asset_reference_mean_row_delta_pct,mean_asset_vol_20d_pct,change_from_full_pct,leave_one_out_primary_delta_pct
87,1565,0.9858357281419181,0.002281455084898621,0.002281455084898621,0.0533915244710224,CVNA,Consumer Discretionary,0.2518814321300385,5.580882968530728,-0.0022577287935631705,0.010405703922262302
425,1565,0.5640749375169937,0.00130970032982654,0.00130970032982654,0.030650130994249708,SMCI,Information Technology,0.11828088402908925,4.386550185996577,-0.0012832064874346352,0.011380226228390838
117,1085,0.7152700709668729,0.0011430032548477112,0.0011430032548477112,0.02674901936733574,COIN,Financials,0.15071749143141788,5.149348032484989,-0.00112029827511563,0.011543134440709842
317,1575,0.46371234351042145,0.0010761357716393713,0.0010761357716393713,0.025184159778529766,MRNA,Health Care,0.06240080984235171,4.089974874658974,-0.0010488033607932055,0.011614629355032267
41,1084,0.45995628679124245,0.0007447353857870258,0.0007447353857870258,0.01742859538979317,APP,Communication Services,0.19921842675025125,4.472683056912039,-0.0007212423064679722,0.0119421904093575
116,1575,0.26389861570984363,0.0006195106488968121,0.0006195106488968121,0.014498036007622261,COHR,Information Technology,-0.02793537690837953,3.5092182679579853,-0.0005911303360493545,0.012072302379776119
396,1011,0.40735175550125,0.0006113214814399879,0.0006113214814399879,0.014306389835158707,HOOD,Financials,-0.040973433081945614,3.7625097870626747,-0.0005938424952162764,0.012069590220609196
438,1555,0.25883925239075356,0.0005969176899907331,0.0005969176899907331,0.013969306546195971,TSLA,Consumer Discretionary,-0.07949394955038869,3.5713116643541682,-0.000569259891592557,0.012094172824232915
85,1545,0.23177011274799733,0.0005537091728104884,0.0005537091728104884,0.012958123543884906,CCL,Consumer Discretionary,0.06431831894411963,3.4924342542501696,-0.0005258271702693557,0.012137605545556117
340,1575,0.2221780262496377,0.0005453659712425733,0.0005453659712425733,0.012762872603540488,NCLH,Consumer Discretionary,0.019047758665351914,3.6946936596995186,-0.0005168674594521881,0.012146565256373284
67,1575,0.22852535877163005,0.0005390817577252302,0.0005390817577252302,0.012615806925143727,XYZ,Financials,0.014758769074760009,3.4092810692717226,-0.0005105165662666692,0.012152916149558803
356,1219,0.2611003956613898,0.0004635579360860336,0.0004635579360860336,0.0108483682418731,PLTR,Information Technology,0.11529641288774045,3.8531016702129164,-0.0004345165113820211,0.012228916204443451
472,1435,0.19885270480342102,0.00040869122970952645,0.00040869122970952645,0.00956435563275533,VRT,Industrials,0.05857884678592298,3.2725017098583917,-0.000377153458183382,0.01228627925764209
445,1565,0.17179397569823585,0.0003970768181521582,0.0003970768181521582,0.00929255052776493,TTD,Communication Services,-0.06404869590810341,3.7153104175379212,-0.0003682209870353493,0.012295211728790122
37,1325,0.1954508861782521,0.0003964445285202791,0.0003964445285202791,0.009277753432886008,APA,Energy,0.010582863653446142,3.1636565278541022,-0.0003717661889254541,0.012291666526900018
140,1479,0.17331990055329058,0.0003789939628299532,0.0003789939628299532,0.008869368314434455,DDOG,Information Technology,0.02452139031786658,3.304555069989371,-0.000350379544156143,0.012313053171669329
294,1575,0.16278359681624574,0.0003767783412302154,0.0003767783412302154,0.008817517451516335,LITE,Information Technology,0.024236893823292856,3.218792313774012,-0.00034781162693537336,0.012315621088890099
401,1495,0.15124073130488422,0.0003519191297847541,0.0003519191297847541,0.00823575224167016,RCL,Consumer Discretionary,0.041348770867002,3.0651674025646334,-0.00032602209076512044,0.012337410625060352
133,1538,0.13227030355329383,0.00031317271113349016,0.00031317271113349016,0.007328993053958446,CRWD,Information Technology,0.04915402577421522,3.037308926003596,-0.00029321739079984097,0.012370215325025632
459,1575,0.12013092541060694,0.00030227929144569665,0.00030227929144569665,0.0070740608890941135,UAL,Industrials,0.019245922483415088,3.057410703826473,-0.00027319992049028063,0.012390232795335191
343,1314,0.154996134266927,0.00030041156606281164,0.00030041156606281164,0.007030351632600078,NVDA,Information Technology,-0.033819346523725494,2.8674761403229745,-0.00027780064805867983,0.012385632067766793
64,1575,-0.12728330766996576,-0.00029993701656170373,0.00029993701656170373,0.007019246035356975,BIIB,Health Care,-0.14441673937281632,2.085287137022851,0.00033049065112762547,0.012993923366953097
404,121,1.7116669347615048,0.00029943505432877696,0.00029943505432877696,0.0070074989143988475,SNDK,Information Technology,1.7116669347615048,6.896628683851455,-0.0002929472186612957,0.012370485497164177
491,1515,0.13830931462601165,0.0002967642815804139,0.0002967642815804139,0.0069449964222416975,WDC,Information Technology,0.028429547755103902,2.919692231347654,-0.0002707795567161096,0.012392653159109363
314,1375,0.14396344512398235,0.00028953004213870754,0.00028953004213870754,0.00677569785715587,MU,Information Technology,-0.005708147430079504,3.0087693830334956,-0.0002664489492355471,0.012396983766589926
484,1575,0.1142486937151736,0.0002727185558600559,0.0002727185558600559,0.0063822687307258956,WBD,Communication Services,-0.01828277523236147,2.9733397514180293,-0.0002435305825474657,0.012419902133278007
358,1325,0.13157851452327765,0.0002714268749331072,0.0002714268749331072,0.006352040297005494,PSKY,Communication Services,0.05880725732344525,3.0123631723711934,-0.0002480668005886015,0.01241536591523687
14,1325,0.13193451536163772,0.0002585406543333159,0.0002585406543333159,0.006050471808085045,ALB,Materials,0.007081401308380097,3.1466997756701263,-0.0002354939930028179,0.012427938722822654
214,1575,0.11299356017347241,0.0002514801611244224,0.0002514801611244224,0.005885239321837403,GNRC,Industrials,0.060348155487086656,2.955463090572033,-0.00022219842721994242,0.01244123428860553
301,1325,0.11981287453825369,0.0002437240248762812,0.0002437240248762812,0.005703727118930451,MRVL,Information Technology,-0.03877513092959028,3.37886569773126,-0.00021531841568277942,0.012448114300142693
7,1575,0.10722249885961367,0.0002369192906766808,0.0002369192906766808,0.0055444800073210145,AMD,Information Technology,-0.0889829626881994,3.193388062519706,-0.00020760112254339068,0.012455831593282082
163,1575,0.08974752112519614,0.00022890482988920446,0.00022890482988920446,0.005356922390215611,ECHO,Communication Services,-0.013890900156850588,3.2936074708165175,-0.000199644554487472,0.012463788161338
490,1325,-0.11036658059210774,-0.00022606283993707472,0.00022606283993707472,0.005290413004569617,WST,Health Care,-0.09584331363474377,2.1045935407154364,0.0002458746849393635,0.012909307400764836
251,1403,0.10637875824532982,0.00021134721172478876,0.00021134721172478876,0.0049460319869447855,INTC,Information Technology,0.06129999826969958,2.8367167100729653,-0.0001917804267916806,0.012471652289033791
154,1170,0.12154380476410771,0.00020382112673826065,0.00020382112673826065,0.004769903535681821,DASH,Consumer Discretionary,0.3823237689641736,3.0299111722969303,-0.00017473600503672775,0.012488696710788744
197,1575,0.0858057309177058,0.0002022919378541897,0.0002022919378541897,0.004734116845746474,FSLR,Information Technology,-0.0591218758604916,3.185247800313167,-0.00017292771845118046,0.012490504997374292
407,1325,0.10737353282975462,0.00019729555270088688,0.00019729555270088688,0.004617189441851921,STX,Information Technology,0.013647322533789587,2.564109285462167,-0.00016898794728571694,0.012494444768539755
202,1565,-0.07937043160149183,-0.0001951018117216328,0.0001951018117216328,0.004565850637966534,FTNT,Information Technology,-0.10231686865213974,2.445649725785937,0.00022572904523529208,0.012889161761060764
141,1575,-0.07883535902065153,-0.0001919653136770846,0.0001919653136770846,0.004492449056139536,DVA,Health Care,-0.07460805028188289,1.9787947044670706,0.00022227741918148501,0.012885710135006957
347,1325,0.08847874538024081,0.00018833745150971453,0.00018833745150971453,0.004407548374566292,OXY,Energy,0.09896197121010476,2.6820179200619285,-0.00016258032450091003,0.012500852391324563
282,1315,0.09940444598998606,0.00018817850844963545,0.00018817850844963545,0.004403828725497641,LRCX,Information Technology,-0.02620788000175407,2.81289979351038,-0.00016580438139749505,0.012497628334427977
207,1355,0.09243651904080727,0.00018595549985689068,0.00018595549985689068,0.0043518049892143995,FCX,Materials,-0.012058768787770855,2.7645885206612975,-0.0001607435041760313,0.012502689211649442
151,1575,-0.07810510976590894,-0.0001831433442401479,0.0001831433442401479,0.004285993798618764,DLTR,Consumer Staples,-0.07983248014270189,2.1627971948551976,0.00021341680545854902,0.012876849521284022
434,1316,-0.08944298908282153,-0.00017742573552893354,0.00017742573552893354,0.004152188032535011,TGT,Consumer Staples,-0.07984516108903779,1.9519491992017606,0.00020305694455626257,0.012866489660381735
61,1575,0.07551045153637817,0.0001767860854246406,0.0001767860854246406,0.004137218684936496,BRK-B,Financials,0.00514704490900187,1.0333776646280277,-0.00014735947617584643,0.012516073239649626
334,1325,-0.09207250526455185,-0.00017129435741988463,0.00017129435741988463,0.004008699069496792,NKE,Consumer Discretionary,-0.07211350284325237,2.0058435823430476,0.0001929852019531372,0.01285641791777861
387,346,0.3329472915680346,0.0001656235480217069,0.0001656235480217069,0.003875988519656288,RDDT,Communication Services,0.18198518860716556,4.427145702760318,-0.00015617202670578143,0.012507260689119691
433,1325,0.0782239859629672,0.00016542987973306223,0.00016542987973306223,0.003871456216898773,TRGP,Energy,0.10178407922003416,2.1841816197563304,-0.00014419517834877182,0.012519237537476701
373,1325,0.08219856341724249,0.0001651709185023351,0.0001651709185023351,0.003865395902593691,PG,Consumer Staples,-0.010466130013432039,1.064319358759862,-0.0001399649342519824,0.01252346778157349
146,1315,0.0798604093514605,0.0001636769596742603,0.0001636769596742603,0.003830433680520667,DVN,Energy,0.07337457319111326,2.684496811897114,-0.00013806346793663747,0.012525369247888834
192,1315,-0.087291521823978,-0.0001636592282122895,0.0001636592282122895,0.003830018721755102,FDX,Industrials,-0.07338523149541322,1.9233168065371435,0.00019515704708683788,0.01285858976291231
114,1325,0.07859212248955252,0.0001542262190827519,0.0001542262190827519,0.003609263668934299,KO,Consumer Staples,-0.006005259058881759,1.0134231108483518,-0.0001281117021489315,0.012535321013676541
80,1325,-0.07754261334190916,-0.0001541023753384982,0.0001541023753384982,0.0036063654280942,CHRW,Industrials,-0.056650187263006246,1.7533279104875459,0.0001816479167810081,0.012845080632606481
313,1314,0.07792800942064715,0.0001501358143691094,0.0001501358143691094,0.0035135383816777524,MCHP,Information Technology,0.03326260269866581,2.531624475916135,-0.00012251624693869213,0.012540916468886781
172,1385,0.07388180683723626,0.00014934463434561855,0.00014934463434561855,0.0034950228702987185,EQT,Energy,0.06749881961343997,2.753013837081533,-0.0001268824890789145,0.012536550226746558
471,1575,-0.06014549017313336,-0.00014663413501873827,0.00014663413501873827,0.003431590680860613,VRTX,Health Care,-0.05353117838540784,1.7025001487414597,0.00017683532258760447,0.012840268038413077
55,1575,0.06557528708239557,0.000146551021740074,0.000146551021740074,0.003429645630668285,AXON,Industrials,-0.085955165691509,2.8165494882004176,-0.0001170365613768758,0.012546396154448596
209,1575,-0.05902092332380308,-0.00014650980302447907,0.00014650980302447907,0.003428681013798587,IT,Information Technology,-0.02929995011651871,1.961814867329653,0.00017671719370752103,0.012840149909532993
350,1575,0.0647493339676428,0.00014361329647666788,0.00014361329647666788,0.003360895808974005,ON,Information Technology,-0.051150746122970825,3.145773876296554,-0.00011408983884118324,0.012549342876984289
208,1325,-0.06969995618125246,-0.00013824610875228378,0.00013824610875228378,0.0032352907349912498,GRMN,Consumer Discretionary,-0.041948132827964474,1.659773245735557,0.00016340406169551311,0.012826836777520986
431,1575,-0.056822493709538395,-0.00013816350160182666,0.00013816350160182666,0.0032333575294136744,TTWO,Communication Services,-0.05299269311262404,1.883550287807434,0.0001683435817271454,0.012831776297552618
440,1315,0.06745825823090985,0.00013786464530278562,0.00013786464530278562,0.0032263635747620195,TPL,Energy,-0.06055212284380388,2.777850254393819,-0.00011127555866274122,0.01255215715716273
414,1408,-0.06700919332329838,-0.00013782911684455347,0.00013782911684455347,0.003225532123571209,SW,Materials,-0.08478590969958523,2.6833080001944625,0.00017078579492918998,0.012834218510754662
272,1575,-0.0564237053581678,-0.0001349288605572794,0.0001349288605572794,0.003157659165843833,KEYS,Information Technology,-0.045545115044700525,1.8517915039189237,0.0001650959459801353,0.012828528661805607
287,1320,-0.06640875420456126,-0.00013306166246473652,0.00013306166246473652,0.003113962249209299,LLY,Health Care,-0.051394234351775876,1.855965669334506,0.00015826773637308956,0.012821700452198562
305,1325,0.06766299890626404,0.00013214597641890747,0.00013214597641890747,0.003092532998093524,MCD,Consumer Discretionary,-0.012867229053863886,1.0473233636355874,-0.0001118367633207198,0.012551595952504753
224,1325,0.06538346398972668,0.0001315927022254832,0.0001315927022254832,0.0030795850541112256,HAL,Energy,0.00855039921500212,2.6082633489719873,-0.00010669647599466336,0.012556736239830809
113,1317,0.06703989345391612,0.00013141595236537776,0.00013141595236537776,0.0030754486831856987,CMS,Utilities,-0.00775969601796733,1.1564124802781672,-0.00011465108075271907,0.012548781635072753
148,1320,0.06146180383667007,0.00012894205594930956,0.00012894205594930956,0.0030175535697067723,FANG,Energy,0.024747939090029602,2.587985914647376,-0.00010612215732276142,0.012557310558502711
444,1375,-0.06389852672750959,-0.00012759044552031564,0.00012759044552031564,0.0029859226418079113,TKO,Communication Services,-0.037191129214762586,1.9086155961503388,0.00015377158507896878,0.01281720430090444
128,1575,-0.05248988631409738,-0.00012588800271982192,0.00012588800271982192,0.0029460813944194642,CPAY,Financials,-0.04227574907418882,1.921668885503574,0.00015603425103632464,0.012819466966861797
104,1575,0.049263450659143185,0.00012395596746491954,0.00012395596746491954,0.0029008671325767496,CIEN,Information Technology,-0.017214449042930305,2.630101688438762,-9.442671981305507e-05,0.012569005996012418
363,1325,0.06273546701023601,0.00012394115280992647,0.00012394115280992647,0.0029005204340947907,PEP,Consumer Staples,-0.015529686037626984,1.096331426812852,-9.765104936810286e-05,0.01256578166645737
437,1325,0.06563221548372597,0.00012368918021298208,0.00012368918021298208,0.0028946236705929217,TER,Information Technology,-0.038826054177119276,2.8597572788157515,-0.00010094433513236523,0.012562488380693107
144,1385,0.0561381273051355,0.00012286468097282263,0.00012286468097282263,0.0028753284095778364,DELL,Information Technology,-0.008713460653715368,2.65791136548856,-9.723165538448135e-05,0.012566201060440992
16,1575,-0.04713306358868262,-0.00012279889670429442,0.00012279889670429442,0.002873788899812257,ALGN,Health Care,-0.1021264143953395,2.8349796254280886,0.0001529595183787079,0.01281639223420418
77,1575,0.05113899643566729,0.00012194064915143629,0.00012194064915143629,0.0028537038472841877,BLDR,Industrials,-0.044464484789094746,2.8226631338685553,-9.238962070485008e-05,0.012571043095120622
486,1575,-0.05146089748469246,-0.00012191382070818344,0.00012191382070818344,0.002853075997323899,WAT,Health Care,-0.03841384849661987,1.9022435357885854,0.000152046897732694,0.012815479613558165
393,1325,0.06027338019694147,0.00012055648917582325,0.00012055648917582325,0.0028213111818756386,RSG,Industrials,-0.001293219393832799,1.1150848851226147,-9.369040215223632e-05,0.012569742313673237
159,1320,0.06115822280819872,0.00011799645274012725,0.00011799645274012725,0.0027614001852016693,DUK,Utilities,-0.002430316627375093,1.116317257333877,-9.22102540894444e-05,0.012571222461736028
351,1325,0.05637229964155268,0.00011683406811793337,0.00011683406811793337,0.002734197595323218,OKE,Energy,0.07760622314322857,1.9386246457543002,-9.625578835181904e-05,0.012567176927473653
254,1325,-0.05666587481937357,-0.00011679407644020194,0.00011679407644020194,0.0027332616940844126,IFF,Materials,-0.061294323560575154,1.8441789254925514,0.00014643898714779697,0.012809871702973269
101,1565,-0.049740496183524316,-0.00011670904332357687,0.00011670904332357687,0.0027312717150761974,CMG,Consumer Discretionary,-0.02685054816619232,1.9317701344770883,0.00014628657569340064,0.012809719291518872
460,1319,-0.06094386509715482,-0.00011585281632638491,0.00011585281632638491,0.002711233948400043,UPS,Industrials,-0.061370943302232785,1.5892044735274613,0.0001338308637685847,0.012797263579594056
118,1325,0.056280139822082985,0.00011447798320197652,0.00011447798320197652,0.0026790595536940937,CL,Consumer Staples,-0.027743336813263773,1.100762980291865,-8.803967354880603e-05,0.012575393042276665
125,1495,-0.049764527386866986,-0.0001140215824458232,0.0001140215824458232,0.002668378680639854,COO,Health Care,-0.050802422299055496,1.674679662873368,0.00014231827341196936,0.012805750989237441
465,1575,-0.04772481250947079,-0.00011386715710441417,0.00011386715710441417,0.0026647647570305914,VEEV,Health Care,-0.043150152520497746,2.2256205039620123,0.00014398227609807994,0.012807414991923552
487,1321,0.05761874316539959,0.00011296769915624557,0.00011296769915624557,0.0026437152823474493,WEC,Utilities,-0.0036723465499266723,1.164835723195727,-8.979098071187802e-05,0.012573641735113595
417,1320,0.05767634060544883,0.00011216514535341718,0.00011216514535341718,0.002624933597234885,SO,Utilities,-0.007421836650936831,1.1386095938071963,-8.541564649531138e-05,0.012578017069330162
127,1325,0.05815210660850872,0.0001111467273596721,0.0001111467273596721,0.0026011001719815512,GLW,Information Technology,0.07404190704983662,2.0218605666305876,-9.475207778119312e-05,0.01256868063804428
320,1325,0.06022602666779831,0.00011101412235315371,0.00011101412235315371,0.0025979968965774594,MPWR,Information Technology,-0.04854310290108693,3.0860121448755433,-8.297704744849992e-05,0.012580455668376973
236,1325,-0.05289551669029028,-0.00010923456685931898,0.00010923456685931898,0.0025563510270946326,HRL,Consumer Staples,-0.07994035914563158,1.399817600225585,0.00013778486102140734,0.01280121757684688
25,1325,0.055825215713613874,0.00010904293849694199,0.00010904293849694199,0.002551866463507597,AEE,Utilities,-0.009244182730898281,1.1932871737959945,-8.143841938797734e-05,0.012581994296437495
13,1575,-0.04150231563117486,-0.00010827555955650149,0.00010827555955650149,0.002533907954594459,AKAM,Information Technology,-0.026290983446423933,1.9042677651286317,0.00013839985084795743,0.01280183256667343
391,1510,-0.04896410873102303,-0.00010817240518398942,0.00010817240518398942,0.0025314938947075356,REGN,Health Care,-0.04661758974218033,1.7596389783175634,0.00013822819728477741,0.01280166091311025
220,1325,-0.05230321002118711,-0.00010760990567942503,0.00010760990567942503,0.002518330056303843,GPN,Financials,-0.019395784284267806,2.1098909658855995,0.0001291006789516045,0.012792533394777077
497,1438,0.04895121111273538,0.00010647876068337656,0.00010647876068337656,0.0024918585486521905,WYNN,Consumer Discretionary,-0.0019005525595957044,2.605828047804594,-7.588846383870684e-05,0.012587544251986766
11,1325,-0.053411803194985945,-0.00010587363055928021,0.00010587363055928021,0.002477697051438109,APD,Materials,-0.05087942674973568,1.5486963725162952,0.0001335014916156798,0.012796934207441152
255,1308,-0.05510066386536104,-0.00010487006390164968,0.00010487006390164968,0.0024542111830930117,IP,Materials,-0.05177103271221035,1.87709031056115,0.00012150686124419888,0.012784939577069672
175,1316,-0.05082155036366114,-0.00010417729048855094,0.00010417729048855094,0.0024379986225726807,ERIE,Financials,-0.04422991039301233,1.7361094003439652,0.0001328017004726239,0.012796234416298097
284,1325,-0.05242687371179213,-0.00010387497785725833,0.00010387497785725833,0.0024309237814511536,LDOS,Industrials,-0.03789488578000694,1.5447811840841998,0.00012792728624977167,0.012791360002075244
97,1575,0.04559226218555377,0.00010286152502763803,0.00010286152502763803,0.002407206552954716,CRL,Health Care,0.03224908895862392,2.344404940597534,-7.32516662713404e-05,0.012590181049554132
166,1565,-0.04263240708556072,-0.00010247144454224877,0.00010247144454224877,0.0023980777334047776,EW,Health Care,-0.03923353350783058,1.7901460513846703,0.00012593539677717042,0.012789368112602643
395,1325,-0.05056844397126401,-0.0001022560098708757,0.0001022560098708757,0.002393036045052174,RVTY,Health Care,-0.04316265891737231,2.0334935565221137,0.000129477269367438,0.01279290998519291
168,1325,-0.05068211680474415,-0.00010224694009260979,0.00010224694009260979,0.002392823790473315,EME,Industrials,-0.03826067755174999,2.0301610928192297,0.0001302696368780607,0.012793702352703534
382,1325,-0.051128306668776116,-0.00010187047600733007,0.00010187047600733007,0.0023840136273652534,QCOM,Information Technology,-0.07069273857346171,2.2918934592577083,0.000127755873677275,0.012791188589502747
432,1375,0.048803785144706714,0.0001016935503139625,0.0001016935503139625,0.0023798731415193937,TPR,Consumer Discretionary,0.05092215715789647,2.422491836761893,-7.753105493531095e-05,0.012585901660890162
222,1575,-0.042166107423836904,-0.00010089480308822948,0.00010089480308822948,0.0023611805394466332,GDDY,Information Technology,-0.033659879656983124,1.92247652994728,0.00013098021825903674,0.01279441293408451
150,1325,-0.050245626685319664,-9.953808587609875e-05,9.953808587609875e-05,0.0023294301005661088,DG,Consumer Staples,-0.030321705521614565,1.7978909160255874,0.0001277572108558525,0.012791189926681325
18,1325,0.04977667921239159,9.924095436956304e-05,9.924095436956304e-05,0.0023224765101985748,LNT,Utilities,-0.010582288492683127,1.2004662545291265,-7.775645757582992e-05,0.012585676258249643
246,1575,-0.03973869798932406,-9.862452112988405e-05,9.862452112988405e-05,0.002308050492952421,IDXX,Health Care,-0.021008585891449126,1.9892621408275715,0.00012871254086807405,0.012792145256693546
403,1475,-0.043676693293396116,-9.80206622073028e-05,9.80206622073028e-05,0.0022939187449046725,CRM,Information Technology,-0.04660305656016469,2.1620025410370243,0.00012434189762006514,0.012787774613445537
451,1320,-0.04969296925618732,-9.645785236274712e-05,9.645785236274712e-05,0.002257345243803792,TFC,Financials,-0.043113864188730304,1.9538203537542937,0.00011719474997069293,0.012780627465796165
50,1324,0.05048375906527908,9.63712454259028e-05,9.63712454259028e-05,0.002255318433625283,ATO,Utilities,-0.01270142544378221,1.1464837339225535,-6.980635460017313e-05,0.0125936263612253
122,1325,0.04860351598378761,9.516585337677428e-05,9.516585337677428e-05,0.0022271093667388833,ED,Utilities,-0.0018553303610970083,1.1600889815441369,-6.61821205689124e-05,0.01259725059525656
84,1325,-0.04592633257380809,-9.481417612694677e-05,9.481417612694677e-05,0.002218879275068724,CAH,Health Care,-0.02636586462021244,1.5791147836595876,0.0001223271735489603,0.012785759889374432
266,1325,0.04669967061353771,9.412729366521777e-05,9.412729366521777e-05,0.0022028045769487085,JNJ,Health Care,-0.02688537516771617,1.015437358830476,-6.81829528297063e-05,0.012595249762995767
102,1345,0.0461778835175085,9.396566221013324e-05,9.396566221013324e-05,0.0021990220129847913,CB,Financials,0.004327224813503432,1.3621446407588491,-7.018550601011245e-05,0.01259324720981536
158,1316,0.046627935372192,9.114965166222818e-05,9.114965166222818e-05,0.002133120607748137,DTE,Utilities,-0.011855431931243823,1.2047947955749618,-6.836205949689918e-05,0.012595070656328573
299,1325,0.04486666023662751,9.112117545531099e-05,9.112117545531099e-05,0.0021324541961634754,MRSH,Financials,-0.015987787228221032,1.2033268738027312,-6.896174705957644e-05,0.012594470968765896
130,1565,-0.03728126095845386,-9.086075105182393e-05,9.086075105182393e-05,0.0021263596401042014,CSGP,Real Estate,-0.021867056525058753,2.0333132265275573,0.00012071743262039838,0.012784150148445871
248,1575,-0.03939169023881029,-9.08223720293256e-05,9.08223720293256e-05,0.0021254614788682176,INCY,Health Care,-0.02913679326905297,1.8212725665476552,0.00012087541601096606,0.012784308131836439
226,1331,-0.04543614984025123,-8.985803626349025e-05,8.985803626349025e-05,0.0021028937075451334,HAS,Consumer Discretionary,-0.03435234985391855,1.9047753502489044,0.00011391301037526375,0.012777345726200736
473,1363,-0.043242166174517135,-8.940444317748592e-05,8.940444317748592e-05,0.002092278540710778,VTRS,Health Care,-0.02189645556811107,1.9383331096765526,0.00012257075526623723,0.01278600347109171
153,1325,-0.044721230677237024,-8.891921550658643e-05,8.891921550658643e-05,0.0020809230486669807,DPZ,Consumer Discretionary,-0.04102911022880076,1.721406661246605,0.00011290993744814846,0.01277634265327362
335,1325,0.043407870407868775,8.688207348752173e-05,8.688207348752173e-05,0.002033249036286994,NI,Utilities,-0.013136567785320314,1.2401124549007758,-6.504914666776599e-05,0.012598383569157707
196,1325,-0.04499628243781633,-8.550901288642361e-05,8.550901288642361e-05,0.002001116122880555,FITB,Financials,-0.03586094362767616,2.004395862531006,0.0001139577078090938,0.012777390423634566
319,1325,0.0423883829783823,8.535076566612839e-05,8.535076566612839e-05,0.00199741275813286,MDLZ,Consumer Staples,-0.0133804000140734,1.16547418807893,-5.727587563855026e-05,0.012606156840186922
145,1445,0.03384445574437459,8.473264677542441e-05,8.473264677542441e-05,0.0019829472926071647,DAL,Industrials,0.02114971847092904,2.5227364129856507,-6.027816454987113e-05,0.012603154551275602
215,1325,0.0414391732166003,8.408803855898406e-05,8.408803855898406e-05,0.0019678619132849477,GD,Industrials,0.01662645370942113,1.2798476191157062,-5.6935224572476076e-05,0.012606497491252996
20,1475,-0.037088910870947546,-8.32990762542489e-05,8.32990762542489e-05,0.0019493983018473138,GOOGL,Communication Services,-0.02115746695365677,1.826473960982025,0.00011065125736641084,0.012774083973191883
241,1325,-0.0419677920224899,-8.306905563545146e-05,8.306905563545146e-05,0.001944015267318756,HUM,Health Care,-0.029332013254885773,2.0274356147250963,0.00011236009906727977,0.012775792814892752
454,1325,-0.041999325473845654,-8.303653323779995e-05,8.303653323779995e-05,0.0019432541651600676,USB,Financials,-0.02321485998544808,1.829255802865929,0.00011151288935186482,0.012774945605177336
420,1325,-0.040978082833695174,-8.284639138775252e-05,8.284639138775252e-05,0.0019388043895291684,SBUX,Consumer Discretionary,-0.041109104254928516,1.7131924431625896,0.00010722806268076941,0.012770660778506242
427,1575,-0.03408909792756104,-8.281522120307097e-05,8.281522120307097e-05,0.0019380749323992836,SNPS,Information Technology,-0.032354072621649375,2.2128770473688104,0.00011285957623330517,0.012776292292058778
187,1575,-0.034491360991745386,-8.267083846506441e-05,8.267083846506441e-05,0.0019346960298118531,FFIV,Information Technology,-0.0334206796563035,1.7530488750211644,0.00011271283929528208,0.012776145555120754
81,1575,-0.03301420915990046,-8.262209802294101e-05,8.262209802294101e-05,0.0019335553864892714,CDNS,Information Technology,-0.03908001688566148,2.112189609320085,0.0001126714715959612,0.012776104187421434
95,1322,0.04236092441358343,8.226073230699207e-05,8.226073230699207e-05,0.0019250985614595846,CNP,Utilities,0.009205608025250653,1.2950265237764085,-5.758304203132592e-05,0.012605849673794146
422,1325,0.04071758797275383,8.195709557484978e-05,8.195709557484978e-05,0.0019179927332003373,STLD,Materials,0.023065839753472654,2.3097822150360616,-5.387437104126479e-05,0.012609558344784208
21,1475,-0.03645194429629247,-8.152353533461229e-05,8.152353533461229e-05,0.0019078463830356875,GOOG,Communication Services,-0.02018238276588106,1.8146511650663804,0.00010887069740371882,0.012772303413229191
288,1325,0.04177982772837863,8.13602946913789e-05,8.13602946913789e-05,0.0019040261602070413,LIN,Materials,0.000510162563659287,1.2505577960849974,-5.492923369315467e-05,0.012608503482132319
260,1575,-0.033647689898392535,-8.046955745465673e-05,8.046955745465673e-05,0.001883180771101423,IQV,Health Care,-0.024277876666475573,1.8771998148199174,0.00011050572029718804,0.01277393843612266
380,1325,-0.04085477476467641,-8.033854953451425e-05,8.033854953451425e-05,0.0018801148713515291,PHM,Consumer Discretionary,-0.04296154131135391,2.184336548517472,0.00010331374394012072,0.012766746459765593
239,1325,-0.04197104930222474,-7.97559887608994e-05,7.97559887608994e-05,0.0018664815511050788,HPQ,Information Technology,-0.03959386257882417,2.010835691867777,0.00010620223160013283,0.012769634947425605
89,1325,-0.0397524125333512,-7.975579812816214e-05,7.975579812816214e-05,0.001866477089841509,CAT,Industrials,-0.04138778668339703,1.8617702265169527,0.00010547676043294222,0.012768909476258415
88,1325,-0.04094697867387446,-7.951938048894772e-05,7.951938048894772e-05,0.0018609443496823668,CASY,Consumer Staples,-0.05129952631193227,1.6458694869625452,0.00010021988173702325,0.012763652597562496
94,1575,-0.03305243265989542,-7.890897045223495e-05,7.890897045223495e-05,0.0018466592898412893,CNC,Health Care,-0.03237386200632106,2.1365270646274683,0.00010894047093107281,0.012772373186756544
502,1315,-0.037849564756906796,-7.754124211899805e-05,7.754124211899805e-05,0.0018146511643002275,ZBH,Health Care,-0.04396915558256396,1.6412702744347039,0.00010455291237854759,0.012767985628204019
296,1325,-0.03934298765303627,-7.743432550958506e-05,7.743432550958506e-05,0.0018121490590404668,MTB,Financials,-0.019535293335144716,1.9542274248684568,0.00010129518636605544,0.012764727902191528
311,1575,-0.032074482640497295,-7.732443558843278e-05,7.732443558843278e-05,0.001809577371150069,MTD,Health Care,-0.025480811025375732,1.8368970072211839,0.00010735444368134733,0.01277078715950682
326,1320,-0.039027292182787374,-7.618684082189524e-05,7.618684082189524e-05,0.0017829549233895447,MSCI,Financials,-0.011876460276265556,1.756099515568048,0.00010021815906237526,0.012763650874887848
124,746,0.06890027941767161,7.583466431642412e-05,7.583466431642412e-05,0.0017747131479391126,CEG,Utilities,0.14309866205227065,2.7613888865209146,-5.9955862837155834e-05,0.012603476852988316
112,1275,0.0402919519050007,7.511384406228514e-05,7.511384406228514e-05,0.001757844224026118,CME,Financials,0.010289782991812128,1.2889981215254602,-4.9480535341175524e-05,0.012613952180484297
242,1325,-0.03821470294239991,-7.509725991036854e-05,7.509725991036854e-05,0.0017574561150693617,HBAN,Financials,-0.024969955581116098,2.041850969826334,9.864798261941847e-05,0.01276208069844489
377,1325,0.038454266017411885,7.507668798061026e-05,7.507668798061026e-05,0.001756974682540457,PEG,Utilities,-0.013668572755089457,1.2876871262277776,-4.986007501194541e-05,0.012613572640813527
129,1320,-0.038101091407929354,-7.459034109745135e-05,7.459034109745135e-05,0.0017455929982436837,CTVA,Materials,-0.029108116033201674,1.6229813967994515,8.68057388282395e-05,0.012750238454653711
1,1314,-0.0395276060609991,-7.44766403779245e-05,7.44766403779245e-05,0.0017429321285254175,MMM,Industrials,-0.030722993567521697,1.5255138116077334,0.00010087322540954512,0.012764305941235017
455,1570,0.032900315078264644,7.39412441876503e-05,7.39412441876503e-05,0.0017304025727239772,UBER,Industrials,0.0059965002554163635,2.6834951272803775,-4.2538344011621366e-05,0.012620894371813851
485,1325,0.03797069196963086,7.383199665431271e-05,7.383199665431271e-05,0.0017278459182501716,WM,Industrials,-0.028644081579277666,1.1253505576266598,-4.461430726495078e-05,0.012618818408560521
355,1325,-0.038862743875847365,-7.278589416393766e-05,7.278589416393766e-05,0.0017033646093329992,PKG,Materials,-0.04733409649092865,1.566373998265031,9.661621709000747e-05,0.01276004893291548
352,1325,0.0384845289238148,7.213993191178806e-05,7.213993191178806e-05,0.0016882475423255045,ORCL,Information Technology,0.07767607749073198,1.996037881518224,-4.60044796609377e-05,0.012617428236164534
371,1325,0.03722904314715645,7.209902618000185e-05,7.209902618000185e-05,0.0016872902500280908,PPL,Utilities,-0.004944562284931438,1.1987031976328895,-4.2703880158322406e-05,0.01262072883566715
105,1355,-0.034573875620527314,-7.205522257249467e-05,7.205522257249467e-05,0.0016862651404839148,CI,Health Care,-0.03655614121252236,1.6730513686811928,9.751299275788989e-05,0.012760945708583361
329,1565,-0.027785922418032342,-7.186848325953364e-05,7.186848325953364e-05,0.0016818949923869146,NFLX,Communication Services,-0.0563390982716695,2.3392967477098776,0.00010175385895665563,0.012765186574782128
179,1320,0.037711335828177,7.179870903565914e-05,7.179870903565914e-05,0.001680262108090353,EVRG,Utilities,-0.012520433328349281,1.1791978257332136,-4.1893495610748e-05,0.012621539220214724
324,1316,0.03692934658908694,7.157626810784698e-05,7.157626810784698e-05,0.001675056456522083,MOS,Materials,-0.01080341929103068,2.6070390131173298,-4.796264146077396e-05,0.012615470074364699
332,1455,-0.032616057362034635,-7.151683925737991e-05,7.151683925737991e-05,0.001673665678792116,NWS,Communication Services,-0.01936433777021236,1.688762685844958,9.899326928612365e-05,0.012762425985111596
498,1325,0.03664074319761159,7.103837243245665e-05,7.103837243245665e-05,0.0016624684067701695,XEL,Utilities,-0.009224275120487093,1.2434025729963114,-5.0461371775862425e-05,0.01261297134404961
63,1320,-0.03638452400232766,-7.090581882895543e-05,7.090581882895543e-05,0.0016593663343200463,TECH,Health Care,-0.03545673410098079,2.2291783819415243,9.971591786416768e-05,0.01276314863368964
216,1325,0.03486680779803821,7.071336059798454e-05,7.071336059798454e-05,0.0016548623498162318,GIS,Consumer Staples,-0.02105803493883109,1.2625936428381301,-4.332060219971734e-05,0.012620112113625756
368,1325,0.03557023568557668,7.061032586568723e-05,7.061032586568723e-05,0.0016524510897974701,PNW,Utilities,-0.0025891477162726297,1.2782820945293814,-5.071642379828421e-05,0.012612716292027188
35,1325,-0.03564127696384364,-7.032266842432234e-05,7.032266842432234e-05,0.0016457192152926569,ADI,Information Technology,-0.03718549341497768,1.9209470041898684,9.23156650076552e-05,0.012755748380833128
185,1315,-0.03621228535554263,-7.026422339650766e-05,7.026422339650766e-05,0.0016443514613739268,EXR,Real Estate,-0.008873694426649892,1.6513522645206715,9.361621155680286e-05,0.012757048927382275
160,1305,-0.03638443467453549,-6.997778775375231e-05,6.997778775375231e-05,0.0016376481798888892,DD,Industrials,-0.025580176899683008,1.6975506829082165,9.320676684049822e-05,0.01275663948266597
62,1325,-0.03615594462821955,-6.978946200111223e-05,6.978946200111223e-05,0.0016332409052959497,BBY,Consumer Discretionary,-0.036033248847054736,2.061977922861738,9.28221040625739e-05,0.012756254819888046
34,1311,0.03561350479178789,6.923700897451208e-05,6.923700897451208e-05,0.0016203121785881333,APH,Information Technology,0.04297604012530192,1.7366116473153554,-4.373378882576419e-05,0.012619698926999708
289,1575,-0.030930295938873607,-6.901506265825615e-05,6.901506265825615e-05,0.0016151181021173452,LYV,Communication Services,-0.041091475603134885,2.1785167643758867,9.901185100801062e-05,0.012762444566833482
500,1325,0.03504476245173261,6.848711632373985e-05,6.848711632373985e-05,0.001602762890820268,YUM,Consumer Discretionary,-0.00594717873439063,1.2112716729671655,-4.6225598512710826e-05,0.012617207117312762
59,1325,-0.0343595883771302,-6.848571754490982e-05,6.848571754490982e-05,0.001602730156038581,BAX,Health Care,-0.03136024832039473,1.7729123540503946,9.603070452184393e-05,0.012759463420347316
218,1325,-0.03611178527156593,-6.840375701674934e-05,6.840375701674934e-05,0.0016008120829746385,GPC,Consumer Discretionary,-0.035157879005547156,1.6192722504640502,9.501173098291764e-05,0.01275844444680839
86,1134,-0.039532965433847066,-6.786589259786952e-05,6.786589259786952e-05,0.0015882247647000865,CARR,Industrials,0.11613446629999467,1.8867330702574314,9.056803699171915e-05,0.012754000752817192
23,1565,-0.026689520718647806,-6.783196947987242e-05,6.783196947987242e-05,0.0015874308823235874,AMZN,Consumer Discretionary,-0.01622853685964837,2.0050892030569725,9.431096729585046e-05,0.012757743683121324
99,1575,-0.023728021100941677,-6.722113182448495e-05,6.722113182448495e-05,0.0015731358151792384,CHTR,Communication Services,-0.021476304415445614,2.0821255027715946,9.724923304028143e-05,0.012760681948865754
227,1335,-0.032624275637402056,-6.702549921141194e-05,6.702549921141194e-05,0.0015685575425157282,HCA,Health Care,-0.03485801250440697,1.8451676558140278,8.861760310263891e-05,0.01275205031892811
232,1403,0.031099872787208077,6.646152983115738e-05,6.646152983115738e-05,0.0015553593054931894,HLT,Consumer Discretionary,0.03199061383187907,1.715113539058872,-3.649378217146807e-05,0.012626938933654004
345,1325,-0.032734637812012364,-6.604865093205819e-05,6.604865093205819e-05,0.0015456969483463236,NXPI,Information Technology,-0.04345935149346698,2.4448449627953077,9.063456667031213e-05,0.012754067282495785
495,1325,-0.032652792377528723,-6.555893650857624e-05,6.555893650857624e-05,0.001534236455523906,WTW,Financials,-0.04709058217056496,1.451542723447011,9.435102656425553e-05,0.012757783742389728
213,1319,-0.0335735311611243,-6.532112921022888e-05,6.532112921022888e-05,0.0015286711940058757,GEN,Information Technology,-0.028574300332038036,1.7685450413318529,9.515163589127331e-05,0.012758584351716746
40,1322,0.03305108276110203,6.52667796453074e-05,6.52667796453074e-05,0.0015273992837479431,AMAT,Information Technology,-0.0392690128875312,2.662356283974565,-3.7222222196046844e-05,0.012626210493629426
211,552,-0.07681366323265533,-6.493714599030275e-05,6.493714599030275e-05,0.0015196850651011907,GEHC,Health Care,0.09005496916354463,1.9128410358291439,7.724117599916565e-05,0.012740673891824638
198,1323,0.03329153283397833,6.461078223709273e-05,6.461078223709273e-05,0.0015120473700041856,FE,Utilities,-0.0026825788546079557,1.261038687743156,-4.627904731989189e-05,0.01261715366850558
243,1325,-0.032898029141366525,-6.438834613174079e-05,6.438834613174079e-05,0.0015068418312930588,HII,Industrials,-0.029647740371922485,1.693031341934251,8.602984852992261e-05,0.012749462564355395
249,1377,-0.03048572964699105,-6.429019103288669e-05,6.429019103288669e-05,0.0015045447664079714,IR,Industrials,0.0024183905871582624,1.818090220889068,9.391281272948598e-05,0.012757345528554958
103,1320,0.03332663308601126,6.421399683658312e-05,6.421399683658312e-05,0.0015027616393486576,CHD,Consumer Staples,-0.018570936183581074,1.195336455942673,-3.959549870794313e-05,0.01262383721711753
342,1325,0.03252063274868652,6.397989958190835e-05,6.397989958190835e-05,0.001497283201756658,NUE,Materials,0.03739502694897562,2.227264694691589,-3.583323594556861e-05,0.012627599479879903
303,1325,0.031793213928608816,6.344701626007192e-05,6.344701626007192e-05,0.0014848124531075372,MA,Financials,0.02561834453038559,1.475089010363044,-3.613926079437717e-05,0.012627293455031096
263,1320,-0.03242487495083025,-6.290952016543104e-05,6.290952016543104e-05,0.0014722337545041533,JBL,Information Technology,-0.06450605403450137,2.2722225257411486,8.759236129297144e-05,0.012751025077118444
42,1575,0.02548206687868468,6.290462085025054e-05,6.290462085025054e-05,0.00147211909877059,APTV,Consumer Discretionary,-0.0127635489591721,2.3604005875900462,-3.3217975116961485e-05,0.012630214740708511
229,1575,-0.026015103441008852,-6.265675522089115e-05,6.265675522089115e-05,0.001466318448166918,HSIC,Health Care,-0.03270895308972104,1.61416773903345,9.265099401075645e-05,0.01275608370983623
69,1575,0.023970500451030188,6.183466081228416e-05,6.183466081228416e-05,0.0014470794659817477,BA,Industrials,-0.007373459217009701,2.316679676319532,-3.2151956749983645e-05,0.012631280759075488
46,1555,0.03228221674566819,6.174139615767137e-05,6.174139615767137e-05,0.0014448968492289567,ANET,Information Technology,-0.05293036363015753,2.6170306473901337,-3.206289807432206e-05,0.01263136981775115
476,1325,0.030109918708043394,6.16844961759364e-05,6.16844961759364e-05,0.0014435652530965968,VST,Utilities,0.037509277318232226,2.6057623257529725,-3.461798230243747e-05,0.012628814733523034
257,1565,-0.024603073015899313,-6.114090034885752e-05,6.114090034885752e-05,0.0014308438061148268,ISRG,Health Care,-0.01563150486060776,1.9276870701094306,9.098399599342037e-05,0.012754416711818893
171,1255,0.030576855848108667,6.09031583180359e-05,6.09031583180359e-05,0.0014252800720135409,EOG,Energy,0.04589288567885494,2.1757794218743847,-3.928988568801245e-05,0.01262414283013746
503,1325,-0.029335962464801836,-6.048822184615131e-05,6.048822184615131e-05,0.001415569562725329,ZTS,Health Care,-0.03169629785933413,1.638318232560553,8.696929755457205e-05,0.012750402013380045
457,1575,-0.026925047905197383,-6.027071459415508e-05,6.027071459415508e-05,0.001410479371011957,ULTA,Consumer Discretionary,-0.026061412979255235,2.0380183504740854,9.02482057411314e-05,0.012753680921566604
378,1575,-0.02557723133788079,-5.9967065459724694e-05,5.9967065459724694e-05,0.0014033732525094026,PTC,Information Technology,-0.013070250470185665,1.8812274114316,8.995102653438396e-05,0.012753383742359856
131,1305,0.03037610290420878,5.9843720311829974e-05,5.9843720311829974e-05,0.0014004866800207333,COST,Consumer Staples,0.005582253440099773,1.2693487211426493,-3.6643296092884614e-05,0.012626789419732588
328,1325,-0.029805901380966192,-5.9510760737847775e-05,5.9510760737847775e-05,0.0013926946268877122,NTAP,Information Technology,-0.02623634650609639,1.9779999574423015,8.554133267058452e-05,0.012748974048496058
309,1475,-0.02259433042794364,-5.9475753922416944e-05,5.9475753922416944e-05,0.0013918753833903935,META,Communication Services,-0.01684638429118007,2.427274744977544,8.679071703942809e-05,0.0127502234328649
475,1318,0.030006785012388966,5.932203616891143e-05,5.932203616891143e-05,0.0013882780190362823,V,Financials,0.0035540688289627197,1.3248042841453314,-3.788668137303298e-05,0.012625546034452439
157,1321,-0.029791601522171206,-5.929803100890501e-05,5.929803100890501e-05,0.0013877162406798302,DHI,Consumer Discretionary,-0.03535568299796323,2.1409810194081262,8.83712560832169e-05,0.01275180397190869
394,1325,-0.028747088832403175,-5.9148767199662886e-05,5.9148767199662886e-05,0.001384223109310933,RMD,Health Care,-0.012224107821747692,1.7270945520404073,8.140896373512705e-05,0.012744841679560599
270,1325,0.028826889725114668,5.9073906822042514e-05,5.9073906822042514e-05,0.0013824711968099662,KDP,Consumer Staples,-0.011939516260826831,1.247000791566138,-3.17898378822156e-05,0.012631642877943257
167,1325,-0.03007860709322305,-5.832892058114309e-05,5.832892058114309e-05,0.0013650367308084917,ELV,Health Care,-0.01981727673912649,1.7374177887690898,8.469102726658129e-05,0.012748123743092053
361,1545,0.027398321324919053,5.828622344088345e-05,5.828622344088345e-05,0.0013640375152534254,PYPL,Financials,0.03833658759063877,2.416279324889799,-2.9609119161672646e-05,0.012633823596663799
409,1565,0.02828372144303708,5.816637919288691e-05,5.816637919288691e-05,0.0013612328722245215,NOW,Information Technology,0.014206998607069735,2.479843126602959,-2.8553851387172313e-05,0.0126348788644383
195,1325,-0.02962945747323484,-5.801597698726004e-05,5.801597698726004e-05,0.001357713099648074,FIS,Financials,0.018951746921019055,1.7987952157786262,8.219900154928054e-05,0.012745631717374754
474,1325,0.02816742862883811,5.799652354793688e-05,5.799652354793688e-05,0.0013572578424797244,VICI,Real Estate,0.01812320137368159,1.4218542682997843,-2.893123535594163e-05,0.01263450148046953
492,1306,-0.0303392770329425,-5.785610922206158e-05,5.785610922206158e-05,0.0013539718102603408,WY,Real Estate,-0.024764359637149378,1.737133629080373,9.023922795830532e-05,0.012753671943783778
137,1325,-0.027830108102940468,-5.772280865340536e-05,5.772280865340536e-05,0.0013508522570328768,CVS,Health Care,-0.01595788869539838,1.7170849009527387,8.319820715305239e-05,0.012746630922978525
183,1515,-0.025937871699355006,-5.750167640470023e-05,5.750167640470023e-05,0.001345677231696537,EXPE,Consumer Discretionary,-0.040119157361748696,2.6474120119670745,8.533466198978355e-05,0.012748767377815256
501,1575,-0.02215520163110715,-5.7493596644017016e-05,5.7493596644017016e-05,0.0013454881459051516,ZBRA,Information Technology,-0.046523402665284236,2.2923092611256926,8.748464032859938e-05,0.012750917356154072
338,1325,-0.03014614771778116,-5.734111877688383e-05,5.734111877688383e-05,0.0013419197978678757,NTRS,Financials,-0.028536692468246545,1.817013296264658,8.489184180537473e-05,0.012748324557630848
132,1404,-0.027537704542217357,-5.729761910603707e-05,5.729761910603707e-05,0.0013409018011710004,CRH,Materials,-0.020614783403092463,1.8323254130283,8.850231998013427e-05,0.012751935035805607
43,1565,0.023827606743469034,5.725512218453729e-05,5.725512218453729e-05,0.0013399072712154394,ACGL,Financials,0.017429538900403663,1.5681228801107219,-2.6995809271994925e-05,0.012636436906553477
279,1320,-0.02855962336667476,-5.717658192696095e-05,5.717658192696095e-05,0.0013380692406918038,KR,Consumer Staples,-0.03351614116260321,1.6195596205307001,8.137609131458953e-05,0.012744808807140061
120,1319,0.03084888441012925,5.694930157348744e-05,5.694930157348744e-05,0.0013327503349484533,FIX,Industrials,-0.06663339289165862,2.4946540997116005,-3.192625868767295e-05,0.012631506457137799
399,1325,0.02666643685994628,5.678904712764153e-05,5.678904712764153e-05,0.0013289999963055376,ROP,Information Technology,0.0020001212646343623,1.31958572827197,-3.104856551785391e-05,0.012632384150307619
463,1355,-0.027474059008369807,-5.6165607905943915e-05,5.6165607905943915e-05,0.001314410022265815,UHS,Health Care,-0.01242893033701488,1.927142378862664,8.616353345247715e-05,0.01274959624927795
10,1325,-0.02820884676152968,-5.5796409776121935e-05,5.5796409776121935e-05,0.001305769899953733,A,Health Care,-0.02195207332041979,1.6929776603953894,8.340710382271175e-05,0.012746839819648184
32,1325,0.028191533629800494,5.5617399880498254e-05,5.5617399880498254e-05,0.001301580638773002,AME,Industrials,-0.005438001924066121,1.3296901842162772,-3.0354736200116695e-05,0.012633077979625356
26,1322,0.028781043271897212,5.559319285003097e-05,5.559319285003097e-05,0.0013010141361632773,AEP,Utilities,-0.008712948724513518,1.2120223069722407,-3.762565272273266e-05,0.01262580706310274
201,1375,0.026072766100691022,5.481145089399804e-05,5.481145089399804e-05,0.0012827194982140881,F,Consumer Discretionary,0.04990248883845404,2.3345974040132673,-3.0136906199866757e-05,0.012633295809625605
12,1169,0.03240290839881658,5.477389206180284e-05,5.477389206180284e-05,0.0012818405313996517,ABNB,Consumer Discretionary,0.09386633799059556,2.502274228819626,-2.5266340296379395e-05,0.012638166375529093
418,1425,0.02279110976498798,5.4594672124663244e-05,5.4594672124663244e-05,0.0012776463547433494,LUV,Industrials,0.006575815521060406,2.34601536927549,-2.8637527141488955e-05,0.012634795188683984
230,1318,0.02747808353249248,5.387465638048744e-05,5.387465638048744e-05,0.0012607962582943141,HSY,Consumer Staples,0.003176050502262777,1.289278388668522,-2.651652889297262e-05,0.0126369161869325
333,1315,-0.028652284164791403,-5.368858533167171e-05,5.368858533167171e-05,0.0012564417491821456,NEE,Utilities,-0.00039199844314206374,1.5415717230587913,7.930022101514517e-05,0.012742732936840617
277,1310,0.029644827407745485,5.325251357750852e-05,5.325251357750852e-05,0.0012462366235640098,KLAC,Information Technology,-0.025639759228558746,2.5890870791374114,-3.104408389506151e-05,0.01263238863193041
138,1318,-0.028185191500877955,-5.2876287643620565e-05,5.2876287643620565e-05,0.001237432033770078,DHR,Health Care,-0.026466438867209015,1.6572876127655074,8.073744519657123e-05,0.012744170161022044
443,1347,0.0279418505726127,5.267754290709684e-05,5.267754290709684e-05,0.0012327809299487356,TJX,Consumer Discretionary,-0.0038796403867640532,1.4626981971063828,-2.8433458414703086e-05,0.012634999257410769
110,1325,-0.026944384222636453,-5.242660914126414e-05,5.242660914126414e-05,0.0012269084775880712,CFG,Financials,-0.027267218323173522,2.1767728772303654,7.518496739164836e-05,0.01273861768321712
442,1325,-0.02780933432448603,-5.2406459511399166e-05,5.2406459511399166e-05,0.001226436927890188,TMO,Health Care,-0.02098117965473527,1.6312872309012194,7.645997456420558e-05,0.012739892690389679
91,1575,-0.023935907300563695,-5.127936307996254e-05,5.127936307996254e-05,0.0012000601663669935,CBRE,Real Estate,-0.014369212673938918,1.9100311942987813,8.123127629211964e-05,0.012744663992117593
291,1321,0.02653082222213425,5.122701594889636e-05,5.122701594889636e-05,0.0011988351178671096,L,Financials,-0.020621315576574196,1.310601901440005,-2.8424000757763038e-05,0.01263500871506771
339,1325,-0.027996560619931644,-5.119789937413782e-05,5.119789937413782e-05,0.00119815372013808,NOC,Industrials,-0.03707695869174229,1.4586837529583265,7.595843045417206e-05,0.012739391146279644
44,1321,-0.02628618126787402,-5.1190708802972116e-05,5.1190708802972116e-05,0.0011979854435154563,ADM,Consumer Staples,-0.00891881767626827,1.5671464624871458,7.828834082665227e-05,0.012741721056652125
5,1345,0.02553529213589757,5.091076567017321e-05,5.091076567017321e-05,0.0011914341023454014,ACN,Information Technology,0.0555774206241882,1.6261299748067188,-2.3996900962987245e-05,0.012639435814862486
481,1327,-0.02644839932064854,-5.0854844157453125e-05,5.0854844157453125e-05,0.0011901254047363124,WAB,Industrials,-0.01776078813838229,1.6507437474533757,7.546791515170336e-05,0.012738900630977176
90,1345,0.026184825416451542,5.068518559701092e-05,5.068518559701092e-05,0.0011861549872420002,CBOE,Financials,-0.002105527347028313,1.4611314289665012,-2.8412342893805426e-05,0.012635020372931667
318,1375,-0.024716804399452473,-5.063088897185961e-05,5.063088897185961e-05,0.001184884315901745,TAP,Consumer Staples,-0.023385815634997434,1.6563494589387613,7.653097984774752e-05,0.01273996369567322
262,1322,-0.027812929377718443,-5.0210064940349304e-05,5.0210064940349304e-05,0.0011750360235881687,JBHT,Industrials,-0.022072044102678007,1.7819464095250184,7.063340376874805e-05,0.01273406611959422
181,1317,0.025530401837403,5.018373790806399e-05,5.018373790806399e-05,0.001174419907847905,EXC,Utilities,-0.007957173251189449,1.2811279885824256,-3.0047243759035948e-05,0.012633385472066437
169,1320,-0.025786693822849233,-5.016967342103275e-05,5.016967342103275e-05,0.0011740907650966534,EMR,Industrials,-0.027193231442543778,1.6221701624386067,7.392781372124556e-05,0.012737360529546719
388,1320,-0.02739895349729088,-4.9830077022585645e-05,4.9830077022585645e-05,0.0011661433943427973,RTX,Industrials,-0.032092296806174626,1.511472777578528,7.689311929352255e-05,0.012740325835118995
392,1325,-0.027087984732242415,-4.9484218734901776e-05,4.9484218734901776e-05,0.001158049480352288,RF,Financials,-0.02932677273280534,2.019839171469202,7.437905675499101e-05,0.012737811772580463
189,1575,-0.021100299983350484,-4.918809643118441e-05,4.918809643118441e-05,0.0011511195077527864,FICO,Information Technology,-0.009701527114563673,2.241146354107426,7.914561618155375e-05,0.012742578332007025
139,1335,-0.025538324315674255,-4.8629238500235896e-05,4.8629238500235896e-05,0.0011380408909114697,DRI,Consumer Discretionary,-0.02629821545487468,1.7749022204177103,7.317481665720845e-05,0.01273660753248268
2,1325,-0.02374326467177022,-4.848404871614376e-05,4.848404871614376e-05,0.001134643101508729,AOS,Industrials,-0.03359210635766988,1.6474292765896925,7.037860284766776e-05,0.01273381131867314
17,1345,-0.024413979264936547,-4.838455841337541e-05,4.838455841337541e-05,0.0011323147896475634,ALLE,Industrials,-0.03266930307771452,1.6090287994602464,7.30826162497353e-05,0.012736515332075208
161,1318,-0.025581873015798076,-4.836836111598517e-05,4.836836111598517e-05,0.0011319357340151734,ETN,Industrials,-0.025174941137582323,1.7625268971057524,7.069779074348285e-05,0.012734130506568955
493,1317,-0.02533809312141047,-4.785069784457619e-05,4.785069784457619e-05,0.0011198211710741238,WSM,Consumer Discretionary,-0.08286535269867355,2.6328912103297886,7.437333726901888e-05,0.012737806053094491
397,1320,-0.023204605155630366,-4.743819156295027e-05,4.743819156295027e-05,0.0011101675340704133,ROK,Industrials,-0.018899508554224675,1.730703158183654,7.049151146619106e-05,0.012733924227291664
247,1325,0.023470366618208574,4.735480847164271e-05,4.735480847164271e-05,0.0011082161696146827,ITW,Industrials,-0.007438896586355625,1.2823980506349089,-1.9188975209963073e-05,0.01264424374061551
162,1325,-0.02346939749437592,-4.682287808112877e-05,4.682287808112877e-05,0.00109576772184554,EBAY,Consumer Discretionary,-0.014980601807422155,1.840487294478024,7.248627208399507e-05,0.012735918987909467
286,1325,-0.02345439718234602,-4.680020619303884e-05,4.680020619303884e-05,0.0010952371452517817,LII,Industrials,-0.00011839959642647733,1.9194796377468684,7.805647357546171e-05,0.012741489189400934
119,1318,-0.023882367531756963,-4.665217768169161e-05,4.665217768169161e-05,0.0010917729228183363,CMCSA,Communication Services,-0.030590891654939535,1.582894372263078,7.305837889982256e-05,0.012736491094725294
400,1355,-0.021820970046951556,-4.62216602438821e-05,4.62216602438821e-05,0.0010816977815332164,ROST,Consumer Discretionary,-0.014721929380669152,1.7346228932858478,7.363848590509582e-05,0.012737071201730569
341,1325,-0.023911238958229077,-4.58989387310291e-05,4.58989387310291e-05,0.00107414532360193,NRG,Utilities,-0.033159977351356604,2.3014282909606174,6.631396138357571e-05,0.012729746677209048
470,1325,0.021429260410396066,4.53468922570375e-05,4.53468922570375e-05,0.0010612261112008785,VZ,Communication Services,-0.031397172482233955,1.2475686241330504,-1.78812436099233e-05,0.01264555147221555
271,1325,-0.02359588811358904,-4.495058440192711e-05,4.495058440192711e-05,0.0010519515562537997,KEY,Financials,-0.0228173942541853,2.2350722312461806,7.150646938725707e-05,0.01273493918521273
448,1535,-0.02086388659777586,-4.4941151280751424e-05,4.4941151280751424e-05,0.00105173079857883,TDG,Industrials,-0.01745158877365725,1.7711124082886502,7.439767379987798e-05,0.01273783038962535
406,1325,0.02129235376742051,4.441205378817753e-05,4.441205378817753e-05,0.0010393486474204298,SLB,Energy,-0.0007910646420820833,2.4177815983417994,-1.7754328268528005e-05,0.012645678387556944
479,1295,0.02224794190075006,4.433247216209073e-05,4.433247216209073e-05,0.0010374862463743686,WRB,Financials,-0.006633782977136851,1.4463824123519604,-1.7642362301521447e-05,0.01264579035352395
244,1319,-0.02434722217100211,-4.4186898982299985e-05,4.4186898982299985e-05,0.0010340794845921319,IBM,Information Technology,-0.014732090422530174,1.5137093483553348,6.226140180807166e-05,0.012725694117633544
253,1325,0.022275805131695584,4.384406167264591e-05,4.384406167264591e-05,0.0010260562687378569,ICE,Financials,-0.0002050944298445938,1.2513092765202805,-2.0606949343877384e-05,0.012642825766481595
411,1325,0.02082778617542862,4.366570473636721e-05,4.366570473636721e-05,0.0010218822883728985,SPG,Real Estate,0.07100564199744919,1.8827802998132435,-1.7556607732966876e-05,0.012645876108092506
29,1325,-0.02199577739803044,-4.3576675342518505e-05,4.3576675342518505e-05,0.0010197987868865983,AMT,Real Estate,-0.013400566731932672,1.57542082430946,6.586424066242558e-05,0.012729296956487899
136,1323,-0.02219533382685907,-4.35618368555981e-05,4.35618368555981e-05,0.0010194515306803432,CMI,Industrials,-0.021278258019996686,1.6521725910648006,7.071013411519224e-05,0.012734142849940665
283,1445,-0.01817578966951518,-4.327657928282545e-05,4.327657928282545e-05,0.0010127758188602648,LVS,Consumer Discretionary,-0.04736182208340876,2.361580203204634,7.064154408643396e-05,0.012734074259911906
408,1315,0.02243960539044054,4.301227371751726e-05,4.301227371751726e-05,0.0010065904342996012,SRE,Utilities,-0.010281988438730644,1.3400625215016313,-1.0070373900346946e-05,0.012653362341925125
369,1325,-0.021498470636812535,-4.284329595481944e-05,4.284329595481944e-05,0.00100263594910642,PNC,Financials,-0.0033698012244225742,1.7105446745989021,7.045142978367093e-05,0.012733884145609144
205,1455,-0.02179418760504555,-4.280576027039342e-05,4.280576027039342e-05,0.0010017575240053372,FOX,Communication Services,0.050532706837229546,1.715193359299727,6.961778948718012e-05,0.012733050505312652
292,1325,-0.021299605965962604,-4.260485600081353e-05,4.260485600081353e-05,0.0009970558819276081,LOW,Consumer Discretionary,-0.009511483617352878,1.6005828779282936,6.817967898808928e-05,0.012731612394813562
365,1465,-0.019190830083203343,-4.255040448439619e-05,4.255040448439619e-05,0.0009957815857599896,PCG,Utilities,0.21422844508578825,1.7856862953636659,6.592853727180759e-05,0.01272936125309728
109,1325,-0.022516584893030392,-4.243459370394779e-05,4.243459370394779e-05,0.0009930713355520203,C,Financials,-0.017567048316377815,1.82786345000655,6.273353289765462e-05,0.012726166248723128
204,1455,-0.021488219308060254,-4.2369868868506176e-05,4.2369868868506176e-05,0.000991556619063303,FOXA,Communication Services,0.009757746217008,1.7731097316618263,6.918146249283087e-05,0.012732614178318303
27,1325,-0.022581062008191027,-4.228016430021846e-05,4.228016430021846e-05,0.0009894573168747135,AXP,Financials,0.012141867526494998,1.826086918464,6.821330909356238e-05,0.012731646024919035
174,1321,-0.02046581075076013,-4.207287721386778e-05,4.207287721386778e-05,0.00098460630156581,EQIX,Real Estate,-0.021276729627296095,1.5737180869895115,6.665972820686268e-05,0.012730092444032335
466,1325,0.019582296285064298,4.185874617053874e-05,4.185874617053874e-05,0.0009795951212381393,VTR,Real Estate,0.039671748836576474,1.700492578621602,-1.4187205957301921e-05,0.01264924550986817
385,1365,0.017452943811672963,4.16034308313471e-05,4.16034308313471e-05,0.0009736201295451149,RL,Consumer Discretionary,-0.011522265832153334,2.320378670088634,-1.5732839185569987e-05,0.012647699876639903
33,1324,-0.020554132641598635,-4.1331610357467904e-05,4.1331610357467904e-05,0.0009672588780881348,AMGN,Health Care,-0.041054136147972015,1.3997683577516242,6.766106044925888e-05,0.012731093776274731
190,1295,-0.022728660906171906,-4.097043484897736e-05,4.097043484897736e-05,0.000958806504369472,FAST,Industrials,-0.02819431604387779,1.4051257290121366,6.926931378701265e-05,0.012732702029612485
223,1325,-0.020267036523352683,-4.0286340212703895e-05,4.0286340212703895e-05,0.0009427970480558874,GS,Financials,-0.022519798571470278,1.7354860058871198,6.41527155827143e-05,0.012727585431408187
450,1575,-0.015936213305009116,-3.99579094305904e-05,3.99579094305904e-05,0.0009351109795216787,TRMB,Information Technology,-0.004979425296437256,1.9470229914086026,6.990102318578999e-05,0.012733333739011263
405,1322,-0.020890592510582475,-3.90497481015061e-05,3.90497481015061e-05,0.0009138578248370248,SBAC,Real Estate,-0.021732069013694365,1.6855932907435847,6.0301932402571484e-05,0.012723734648228045
39,1311,-0.01964461097651387,-3.837229183907187e-05,3.837229183907187e-05,0.0008980037224033527,AAPL,Information Technology,-0.022519717629647152,1.635522876085796,5.7101206469588274e-05,0.01272053392229506
354,1258,-0.021288018935846857,-3.830584747382623e-05,3.830584747382623e-05,0.0008964487647903556,PCAR,Industrials,-0.025389172400190334,1.5457682969526962,6.230070304348267e-05,0.012725733418868955
344,1575,-0.016409834644625598,-3.802867019513838e-05,3.802867019513838e-05,0.0008899621512445399,NVR,Consumer Discretionary,-0.018156033389569632,1.7502847268340425,6.795974762514729e-05,0.01273139246345062
274,1335,0.01718110320644216,3.7793704038485885e-05,3.7793704038485885e-05,0.0008844633792608997,KIM,Real Estate,0.026473011408236834,1.8014123930639505,-1.0934341824447248e-05,0.012652498374001024
92,1325,-0.018789717530944085,-3.770220731334471e-05,3.770220731334471e-05,0.0008823221363007691,CDW,Information Technology,-0.008627169649027926,1.7494121570903574,6.467266978815894e-05,0.012728105385613631
480,1321,-0.018859641517953614,-3.7554684997452356e-05,3.7554684997452356e-05,0.0008788697600558348,GWW,Industrials,-0.02373473080339633,1.4327213814315505,5.6250334030167396e-05,0.01271968304985564
261,1325,-0.018641296484051124,-3.7032744240608635e-05,3.7032744240608635e-05,0.0008666550936896619,IRM,Real Estate,0.009171955556173573,1.7722619181279868,6.098234557943581e-05,0.012724415061404908
267,1345,-0.018231693989101252,-3.6979249940967506e-05,3.6979249940967506e-05,0.0008654031986919233,JCI,Industrials,0.001544303082007759,1.687528126752628,6.114600004279262e-05,0.012724578715868264
57,1325,-0.018815732186083907,-3.685916762087886e-05,3.685916762087886e-05,0.0008625929842046919,BALL,Materials,-0.00942273900196785,1.6490499753418693,6.025886837654227e-05,0.012723691584202015
78,1321,-0.019880990048305052,-3.646439147650644e-05,3.646439147650644e-05,0.000853354274964982,BG,Consumer Staples,0.016124228421825704,1.7630814798070458,6.483824216387387e-05,0.012728270957989346
273,1325,0.017894621473262026,3.6349055068597645e-05,3.6349055068597645e-05,0.000850655126212932,KMB,Consumer Staples,-0.04567217931563288,1.1804869780316671,-1.4928686394168496e-05,0.012648504029431304
362,1325,-0.017761520195883656,-3.629526541631533e-05,3.629526541631533e-05,0.0008493963192545444,PNR,Industrials,-0.006852746724975192,1.7421406362321803,6.204258007886114e-05,0.012725475295904334
441,1325,-0.021538700111241323,-3.616040011617425e-05,3.616040011617425e-05,0.0008462401475549845,TXT,Industrials,-0.004922808376876956,1.8119781794647305,6.262674353624488e-05,0.012726059459361717
19,1325,-0.018663139172572358,-3.601426563073047e-05,3.601426563073047e-05,0.0008428202498733351,ALL,Financials,-0.0199700028943265,1.4996176765745879,5.8317512658031184e-05,0.012721750228483503
381,1325,-0.017356686314104832,-3.5327606245820976e-05,3.5327606245820976e-05,0.0008267507722862795,PWR,Industrials,-0.014136751176597991,2.134781053985309,6.0817810582743455e-05,0.012724250526408215
152,1325,0.01879351252856948,3.504086762545612e-05,3.504086762545612e-05,0.0008200404003980346,D,Utilities,-0.010116651451992472,1.3327073030039192,-8.786026791632339e-06,0.01265464668903384
412,1325,-0.015598182888796613,-3.4850464239118434e-05,3.4850464239118434e-05,0.0008155845041902572,SWKS,Information Technology,-0.040944370031764016,2.2855747535073916,6.060376727324809e-05,0.01272403648309872
200,1565,0.018586168631335855,3.4702923992853876e-05,3.4702923992853876e-05,0.0008121317083315805,FLEX,Information Technology,-0.020414615815629485,2.5130421026604064,-5.477633845793226e-06,0.012657955081979679
9,1321,0.01720602653648071,3.3990404368301753e-05,3.3990404368301753e-05,0.0007954570390724008,AFL,Financials,-0.014178608579971098,1.3053090283722317,-8.158075655295607e-06,0.012655274640170177
228,1216,-0.019727217118568997,-3.3045812346068586e-05,3.3045812346068586e-05,0.0007733513187345245,DOC,Real Estate,-0.022747584598938487,1.639203971773873,5.271060055289333e-05,0.012716143316378365
376,1325,-0.016859679028889667,-3.29147323688574e-05,3.29147323688574e-05,0.0007702837326762861,PRU,Financials,-0.014770639438599973,1.6474227156699481,5.923356155821544e-05,0.012722666277383688
259,1319,0.016595462069614007,3.271508520258212e-05,3.271508520258212e-05,0.0007656115098329288,INVH,Real Estate,-0.010688794171750546,1.4358640867354646,-1.7004816252097826e-05,0.012646427899573374
430,1317,-0.016599977007179755,-3.268339373596305e-05,3.268339373596305e-05,0.0007648698534546311,TROW,Financials,-0.0036157472636990096,1.7716549934967076,5.637180880354672e-05,0.012719804524629019
237,1395,-0.015933555117889343,-3.2637116090466334e-05,3.2637116090466334e-05,0.0007637868454838172,HST,Real Estate,0.00865883024692104,2.0605447023584937,5.7713519617693946e-05,0.012721146235443166
453,1325,-0.01517673112876481,-3.21878928079539e-05,3.21878928079539e-05,0.0007532739425386858,TSN,Consumer Staples,-0.04112768983731938,1.4353728700986694,5.61327340430086e-05,0.012719565449868481
499,1325,-0.015394417008692755,-3.217306016712403e-05,3.217306016712403e-05,0.0007529268231449797,XYL,Industrials,-0.012844616184534184,1.5014478582628439,5.19095376324097e-05,0.012715342253457882
142,1565,0.011302403923689716,3.193036220555656e-05,3.193036220555656e-05,0.0007472471083700238,DECK,Consumer Discretionary,-0.03423671941682276,2.4945382220511134,-2.9182246243910546e-06,0.012660514491201081
4,1325,-0.016754483159195505,-3.128774438897755e-05,3.128774438897755e-05,0.0007322083091815148,ABBV,Health Care,-0.026122336090082146,1.3760173976429269,5.936414577593571e-05,0.012722796861601408
348,1315,-0.016296388127590617,-3.1274730952718416e-05,3.1274730952718416e-05,0.0007319037635408486,ODFL,Industrials,-0.012406723165875084,2.0247521600284935,5.573110967297635e-05,0.01271916382549845
203,1305,-0.01719721505256981,-3.1029035914659766e-05,3.1029035914659766e-05,0.0007261539099830259,FTV,Industrials,-0.03829608860224813,1.5118533487098038,5.175462918716765e-05,0.01271518734501264
281,1395,0.015345442763643134,3.0980891373586e-05,3.0980891373586e-05,0.0007250272121751658,LH,Health Care,0.00021046421633019271,1.418561007538656,-2.7502947689855913e-06,0.012660682421056486
121,1245,0.015103762347520502,3.0962403319006996e-05,3.0962403319006996e-05,0.0007245945473267495,COP,Energy,0.018518502919936775,2.0974525307816347,1.433869226376571e-06,0.01266486658505185
496,1575,-0.012549952016902179,-3.047281895951969e-05,3.047281895951969e-05,0.0007131370983139596,WDAY,Information Technology,-0.0375793032826968,2.3160047969614324,6.0389808344190575e-05,0.012723822524169663
353,1137,0.016997418079507963,3.0363832321324405e-05,3.0363832321324405e-05,0.0007105865494126313,OTIS,Industrials,0.11326612870828652,1.2571546006917709,1.7564135836183028e-06,0.012665189129409091
107,1328,0.013154016196414833,3.0243978455786962e-05,3.0243978455786962e-05,0.0007077816813101881,CTAS,Industrials,0.002993206763295267,1.472514734487475,-6.288114858035095e-06,0.012657144600967438
6,1575,-0.01471335220066275,-3.009239737294068e-05,3.009239737294068e-05,0.000704234320177505,ADBE,Information Technology,0.002563937306371394,2.086277552521692,5.99955200888121e-05,0.012723428235914285
194,1373,-0.015017576977170424,-2.969121298516018e-05,2.969121298516018e-05,0.0006948456426622839,FERG,Industrials,-0.010281081077856465,1.6782579091407044,5.392297563415811e-05,0.01271735569145963
439,1325,-0.014408212206197552,-2.908140963068294e-05,2.908140963068294e-05,0.000680574780641553,TXN,Information Technology,-0.0010910471063440084,1.8501308931456426,4.937504360231931e-05,0.012712807759427791
8,1325,0.014905650849771718,2.8944137906319335e-05,2.8944137906319335e-05,0.000677362292839776,AES,Utilities,0.048232620679404405,2.1352169918394246,-7.755581350140251e-06,0.012655677134475333
98,1325,-0.015676358424768513,-2.88141352614809e-05,2.88141352614809e-05,0.000674319918944654,SCHW,Financials,-0.010830010211407242,1.8641117306486845,5.0458511925776615e-05,0.012713891227751248
331,1455,-0.012940287547162017,-2.851628712053723e-05,2.851628712053723e-05,0.0006673495576120535,NWSA,Communication Services,0.0017187840020267266,1.6632290827009033,5.5890393077608266e-05,0.01271932310890308
478,1317,-0.014355119644954681,-2.8155230572583037e-05,2.8155230572583037e-05,0.000658899967855446,VMC,Materials,-0.019178876738692348,1.627338617489896,4.971438511833436e-05,0.012713147100943806
235,1300,0.01349943706818646,2.8100955634096065e-05,2.8100955634096065e-05,0.0006576298040351843,HON,Industrials,-0.008364891320950755,1.3170049560882333,-7.82634503148735e-06,0.012655606370793986
56,1315,0.01385174697658146,2.7916882465552938e-05,2.7916882465552938e-05,0.0006533220501163007,BKR,Energy,-0.0051000749581338435,2.159789949670671,-1.3544586532237544e-05,0.012649888129293236
483,1515,-0.010203820761308843,-2.7818103155504396e-05,2.7818103155504396e-05,0.0006510103771911588,DIS,Communication Services,0.01144420994961954,1.7400665826731971,5.6188338104666183e-05,0.012719621053930139
238,1365,-0.013595702153758835,-2.7390884812925873e-05,2.7390884812925873e-05,0.0006410124426522615,HWM,Industrials,0.0038913510262826414,2.126844486485574,4.981107596826033e-05,0.012713243791793732
70,1465,-0.012889367108212917,-2.7222091814793024e-05,2.7222091814793024e-05,0.000637062281393335,BKNG,Consumer Discretionary,-0.002170357067991692,1.9744532745268895,5.321403502446547e-05,0.012716646750849938
155,1325,-0.014395822869121506,-2.7168998656478782e-05,2.7168998656478782e-05,0.0006358197740653835,DOV,Industrials,-0.03091005883142313,1.4799804151520835,4.967054949406299e-05,0.012713103265319535
297,1321,-0.013083305578231725,-2.6868068934314306e-05,2.6868068934314306e-05,0.0006287772963364316,MPC,Energy,-0.04343408998413673,2.139054701934359,5.3528539563525485e-05,0.012716961255388997
252,1315,-0.014238197215311525,-2.6826824664700748e-05,2.6826824664700748e-05,0.0006278120814413685,IBKR,Financials,-0.027547408280284808,1.9895517924224508,5.058453580392271e-05,0.012714017251629395
108,1325,-0.011880530729220804,-2.6637837179638797e-05,2.6637837179638797e-05,0.0006233893207216015,CSCO,Information Technology,-0.01917192783627869,1.4690921689248084,5.309115977170601e-05,0.012716523875597179
135,1315,0.013492633959000987,2.6565865862966074e-05,2.6565865862966074e-05,0.0006217050191805462,CSX,Industrials,-0.00256685442475101,1.4203694151150168,-4.364195328292285e-06,0.01265906852049718
31,1316,-0.013625879518855327,-2.6397696887816102e-05,2.6397696887816102e-05,0.0006177694615570721,AMP,Financials,-0.010939845620243447,1.6712675877251963,4.05286823587568e-05,0.012703961398184228
184,1445,-0.011192664457324279,-2.6297266014531647e-05,2.6297266014531647e-05,0.0006154191380884637,EXPD,Industrials,-0.027160299170328275,1.46808003791029,5.344770204997223e-05,0.012716880417875444
293,1575,0.00737155893623877,2.5923526451515227e-05,2.5923526451515227e-05,0.0006066727353402075,LULU,Consumer Discretionary,-0.016123992979402497,2.380936783314125,3.836928104144123e-06,0.012667269643929616
182,940,-0.018793346126537113,-2.5514507996763067e-05,2.5514507996763067e-05,0.0005971007218561155,EXE,Energy,0.03129338200567884,1.9508432419574118,5.252313385600445e-05,0.012715955849681477
482,1320,0.0152981583485286,2.5467134193570703e-05,2.5467134193570703e-05,0.0005959920611644488,WMT,Consumer Staples,-0.02525734111931362,1.1990155050061353,5.77797556067577e-06,0.012669210691386148
300,1325,-0.01268631960168676,-2.5247189293834473e-05,2.5247189293834473e-05,0.0005908448226436145,MLM,Materials,-0.015728682917465927,1.6880674998560325,4.873599652488697e-05,0.012712168712350359
72,1325,-0.012690249013852704,-2.515520449766007e-05,2.515520449766007e-05,0.0005886921576499374,BMY,Health Care,-0.03125135501639542,1.4233817165693825,5.198487286288182e-05,0.012715417588688355
419,1325,-0.013817369087864788,-2.510814799832698e-05,2.510814799832698e-05,0.0005875909226301058,SWK,Industrials,-0.004355392910769086,2.1137393036189724,4.830857125316778e-05,0.01271174128707864
310,1322,-0.013240381502256478,-2.4716911435816792e-05,2.4716911435816792e-05,0.0005784350481009565,MET,Financials,-0.02140676515769348,1.6365632884725534,4.5108818407173095e-05,0.012708541534232646
325,1325,-0.010458065699930276,-2.4430448428094284e-05,2.4430448428094284e-05,0.0005717311262100118,MSI,Information Technology,-0.03903677387382613,1.3815998840859418,4.862583829630428e-05,0.012712058554121776
295,1324,0.010474869633534951,2.4279736665892176e-05,2.4279736665892176e-05,0.000568204109266769,LYB,Materials,0.018787792798906026,2.0114575443963707,5.148638105456445e-06,0.012668581353930928
245,1317,-0.012925973971972335,-2.4278109945182624e-05,2.4278109945182624e-05,0.0005681660400980414,IEX,Industrials,-0.0323446596030034,1.4326184012488599,4.876212862422605e-05,0.012712194844449699
306,1325,-0.011815214739248023,-2.4220897950368814e-05,2.4220897950368814e-05,0.0005668271421108065,MCK,Health Care,-0.012818749139077396,1.3900381319440474,4.785702595311232e-05,0.012711289741778585
106,1325,0.012446957790079755,2.419768926992944e-05,2.419768926992944e-05,0.0005662840032877715,CINF,Financials,0.02238082698198417,1.695581648322458,-5.426626785065395e-07,0.012662890053146966
379,1315,0.011159134441849718,2.4000912963898278e-05,2.4000912963898278e-05,0.0005616789654641814,PSA,Real Estate,-0.00381948010399401,1.4382749226818865,1.0410630834575268e-07,0.012663536822133819
302,1334,-0.01289397774981385,-2.3933181404047633e-05,2.3933181404047633e-05,0.0005600938844081645,MAS,Industrials,-0.01183992155611493,1.7258332623969346,5.368981022208269e-05,0.012717122526047555
123,1325,-0.01279489563540518,-2.3921400320989886e-05,2.3921400320989886e-05,0.0005598181787900543,STZ,Consumer Staples,-0.0328416624880806,1.4459034727936768,4.296494332956352e-05,0.012706397659155036
115,1320,0.014043586950275794,2.385216302121819e-05,2.385216302121819e-05,0.0005581978598061141,CTSH,Information Technology,0.018076073616168736,1.579642003522034,5.834692388166303e-06,0.012669267408213638
298,1402,0.010141123159470565,2.3743492980515635e-05,2.3743492980515635e-05,0.0005556547200459486,MAR,Consumer Discretionary,0.01967657756064176,1.8996070386599104,6.941145635612143e-06,0.012670373861461085
143,1325,-0.012257849677969621,-2.3672886121659735e-05,2.3672886121659735e-05,0.0005540023500925009,DE,Industrials,-0.003563761959852332,1.7683825434317022,5.200749690053267e-05,0.012715440212726005
359,1332,-0.01108903030303185,-2.2903289586899366e-05,2.2903289586899366e-05,0.0005359919441500591,PH,Industrials,-0.004841609238926624,1.712883898932634,4.4005652747002164e-05,0.012707438368572474
217,1415,0.008572900667250145,2.237187922389377e-05,2.237187922389377e-05,0.0005235556662726759,GM,Consumer Discretionary,-0.005506841354863871,2.28804144474111,6.958596887246889e-06,0.01267039131271272
134,1325,-0.012295956800830805,-2.23349467285466e-05,2.23349467285466e-05,0.0005226913572436896,CCI,Real Estate,-0.010302318692872677,1.5968805373929456,4.617727343551735e-05,0.01270960998926099
79,1325,-0.01409817105962071,-2.213600032861894e-05,2.213600032861894e-05,0.0005180355340147036,BXP,Real Estate,0.0025144955009460675,2.015196903496171,5.045502799474529e-05,0.012713887743820217
327,1315,0.010376085355524969,2.200861792288459e-05,2.200861792288459e-05,0.000515054480003182,NDAQ,Financials,-0.014707108485010239,1.4451052731185143,2.295037945442916e-06,0.012665727753770915
357,1555,-0.008413563384423556,-2.1841140978988327e-05,2.1841140978988327e-05,0.0005111351175719174,PANW,Information Technology,-0.05701589692920893,2.3119036846125485,5.0497316290209106e-05,0.012713930032115682
285,1319,-0.011557074562025626,-2.1476655257269562e-05,2.1476655257269562e-05,0.0005026052769192137,LEN,Consumer Discretionary,-0.011818673273605007,2.2132412380225923,5.0383791443660495e-05,0.012713816507269132
322,1318,0.010328690118061607,2.1300682064399026e-05,2.1300682064399026e-05,0.0004984870818709826,MCO,Financials,0.008825532465843618,1.4882531289359422,7.092221626540064e-06,0.012670524937452013
48,1325,-0.009363700852570883,-2.1287526191821257e-05,2.1287526191821257e-05,0.0004981792028786137,AIZ,Financials,-0.026159841937688347,1.4429326900261021,4.786332524762525e-05,0.012711296041073097
278,1325,-0.009400888744497557,-2.1169319629759285e-05,2.1169319629759285e-05,0.0004954128856310192,KHC,Consumer Staples,-0.02397863744751682,1.3463970279951443,4.5062076231105775e-05,0.012708494792056577
390,1326,0.011860786761473787,2.094578759329446e-05,2.094578759329446e-05,0.0004901816995016198,REG,Real Estate,-0.007894808605147895,1.5535530176824628,2.0495690052108573e-07,0.012663637672725993
49,1323,-0.011322061664009168,-2.0684615484512278e-05,2.0684615484512278e-05,0.0004840696453439497,T,Communication Services,-0.022983792592257708,1.427249490744997,4.7831496634725366e-05,0.012711264212460197
82,1325,0.010536247799405108,2.023501124809921e-05,2.023501124809921e-05,0.0004735478271632555,CPT,Real Estate,-0.009272674205249846,1.4027159677629593,1.1617242289235122e-05,0.012675049958114708
156,1325,-0.00930990191188285,-2.010401115202319e-05,2.010401115202319e-05,0.0004704821105152944,DOW,Materials,0.24640923729639647,1.9675986578703062,4.259497075284557e-05,0.012706027686578318
452,1575,-0.00867642764460538,-1.9976729839981717e-05,1.9976729839981717e-05,0.0004675034223388107,TYL,Information Technology,0.010472513202494382,1.8131136232278273,4.986574074935239e-05,0.012713298456574824
74,1325,0.009991253980090214,1.997634097476499e-05,1.997634097476499e-05,0.00046749432195946413,BR,Industrials,-0.003748240680942579,1.3801357120835207,3.8916523675012166e-06,0.012667324368192973
436,1575,-0.010224382958502079,-1.9825629115478693e-05,1.9825629115478693e-05,0.00046396730274421834,TDY,Information Technology,-0.014268340391567201,1.5058359474740903,4.970574564213087e-05,0.012713138461467603
149,1325,-0.010730020917058871,-1.9366896178735233e-05,1.9366896178735233e-05,0.00045323185106694333,DLR,Real Estate,0.0007214496233049173,1.6935844042937047,4.318808678690331e-05,0.012706620802612376
83,1325,-0.012026806479838354,-1.9268240196402186e-05,1.9268240196402186e-05,0.0004509230643063301,COF,Financials,-0.0010522295297447828,2.171021791030158,4.3638635984755444e-05,0.012707071351810227
188,1325,-0.011638738881327628,-1.902095546134947e-05,1.902095546134947e-05,0.00044513600802357893,FDS,Financials,0.0007248191509467234,1.6420785602136199,4.149681139682723e-05,0.012704929527222299
73,1315,-0.010322275530950593,-1.875301609221702e-05,1.875301609221702e-05,0.0004388655837323108,AVGO,Information Technology,-0.022333606717237428,2.2994016707924345,4.5074406741837554e-05,0.01270850712256731
71,1575,0.008445261510794942,1.8723469913293163e-05,1.8723469913293163e-05,0.0004381741322347642,BSX,Health Care,0.003620897663360044,1.527310808773157,1.1077630375610026e-05,0.012674510346201082
225,1325,0.00868196525640626,1.8576553371669698e-05,1.8576553371669698e-05,0.0004347359325615781,HIG,Financials,-0.0036904751821258135,1.5118519950941016,4.8053083998834164e-06,0.012668238024225356
346,1565,0.0076008562612579315,1.851295115320264e-05,1.851295115320264e-05,0.0004332474880043423,ORLY,Consumer Discretionary,-0.023867420431813644,1.349761845615999,1.1681704739127316e-05,0.0126751144205646
330,1325,-0.008447968796724525,-1.846595472326349e-05,1.846595472326349e-05,0.00043214765875249523,NEM,Materials,-0.008716128278913462,2.1761070562941542,4.353826245919771e-05,0.01270697097828467
494,1325,-0.009150989126763032,-1.8144303457496447e-05,1.8144303457496447e-05,0.0004246202471716095,WMB,Energy,-0.002149242895695098,1.556492936775167,4.46842833013212e-05,0.012708116999126794
416,343,-0.03681572852856878,-1.7959207278535436e-05,1.7959207278535436e-05,0.00042028855235372596,SOLV,Health Care,0.15063821015192883,1.8556056319670295,2.6578906120089818e-05,0.012690011621945562
372,1325,-0.01036579491048589,-1.7825308376930057e-05,1.7825308376930057e-05,0.0004171549966992545,PFG,Financials,-0.003933706777113508,1.7004565133394067,4.1780012634540146e-05,0.012705212728460013
53,1575,-0.007207057933864537,-1.7396468335677745e-05,1.7396468335677745e-05,0.0004071191105193193,AZO,Consumer Discretionary,-0.014920167933078822,1.4450188131404182,4.728121456862913e-05,0.012710713930394102
170,1315,0.00827359386361394,1.712580137387101e-05,1.712580137387101e-05,0.0004007848540132598,ETR,Utilities,-0.011949320988197936,1.339139206044699,2.2931643367052156e-06,0.012665725880162177
421,1325,-0.008577428342878236,-1.695643230366291e-05,1.695643230366291e-05,0.0003968212112852015,STT,Financials,0.011150128026189816,1.8720758810336426,4.4373424836918964e-05,0.012707806140662392
446,1314,-0.007822427335854592,-1.679692914505851e-05,1.679692914505851e-05,0.00039308845456682384,TSCO,Consumer Discretionary,-0.006119722294763943,1.6894267501653017,4.1304673031588377e-05,0.01270473738885706
375,1325,-0.00987674524826907,-1.677239247311451e-05,1.677239247311451e-05,0.0003925142375554055,PLD,Real Estate,-0.011503744372214164,1.5891194272779505,4.0398056700908165e-05,0.01270383077252638
315,1322,0.008581402136629232,1.667639597649475e-05,1.667639597649475e-05,0.00039026768914323984,MSFT,Information Technology,0.023233272705474307,1.5308751950928172,8.153935400038681e-06,0.012671586651225511
47,1325,0.008262666558734285,1.655607153546817e-05,1.655607153546817e-05,0.0003874518084449713,AJG,Financials,-0.00420147469879525,1.359101847609963,9.986796784618721e-06,0.012673419512610092
28,1325,0.0068732473340184725,1.6486508369381918e-05,1.6486508369381918e-05,0.00038582386340719246,AIG,Financials,0.02934989225845755,1.749206539621317,8.687481454136946e-06,0.01267212019727961
337,1322,-0.008394009730460844,-1.6470453989112088e-05,1.6470453989112088e-05,0.00038544815237842074,NSC,Industrials,-0.022642457222169243,1.4771300714858002,3.433323673943988e-05,0.012697765952564912
489,1316,-0.008675391100651254,-1.6417430330282153e-05,1.6417430330282153e-05,0.00038420727150520055,WELL,Real Estate,-0.008978520571211452,1.6110425039585554,3.7491225692617004e-05,0.012700923941518089
424,1325,-0.007764710773129247,-1.6283864125560962e-05,1.6283864125560962e-05,0.00038108150175629056,SYK,Health Care,-0.010573930016678688,1.5143923595198148,4.460481509039951e-05,0.012708037530915872
111,1326,-0.007292793230154046,-1.6199320703106238e-05,1.6199320703106238e-05,0.0003791029827669255,CLX,Consumer Staples,-0.023417591625356483,1.5446002649442623,3.96820419952769e-05,0.012703114757820749
316,1325,0.007893412102573294,1.6042308594578456e-05,1.6042308594578456e-05,0.00037542852259885235,MAA,Real Estate,-0.007867032614730839,1.3676644857444842,1.1961059260974128e-05,0.012675393775086446
219,1325,-0.007412801884640674,-1.554993011120135e-05,1.554993011120135e-05,0.0003639056843811533,GILD,Health Care,-0.025114465218976114,1.4492162360830465,3.9295538965660536e-05,0.012702728254791133
173,1325,-0.0073758913953980015,-1.53603763277132e-05,1.53603763277132e-05,0.00035946967091909904,EFX,Industrials,0.005408294974034231,1.9316536893179186,4.192254867649661e-05,0.012705355264501969
22,1325,0.007383788148895235,1.5351581688955707e-05,1.5351581688955707e-05,0.0003592638552650708,MO,Consumer Staples,-0.005755989535947733,1.3296612244624482,6.118680059022069e-06,0.012669551395884495
477,1325,0.008421952292345174,1.488003642789475e-05,1.488003642789475e-05,0.0003482285644492319,VMRK,Real Estate,-0.01611042711925003,1.4766765092229528,8.849318588079145e-06,0.012672282034413552
374,1315,-0.00855044944937794,-1.4537751546303882e-05,1.4537751546303882e-05,0.00034021827673746133,PGR,Financials,-0.03598617102232327,1.5103435044062377,4.090376199001705e-05,0.012704336477815489
398,1311,0.0077981107657347426,1.452655744167468e-05,1.452655744167468e-05,0.00033995630782332524,ROL,Industrials,0.0009120719439690012,1.4363451557375866,4.21875925383975e-06,0.012667651475079311
258,1324,0.004063288189358099,1.447881605859472e-05,1.447881605859472e-05,0.0003388390448800982,IVZ,Financials,0.03662266045477697,2.3046145031024126,7.685869770883387e-06,0.012671118585596356
464,1318,-0.007952423464524589,-1.4364365620425923e-05,1.4364365620425923e-05,0.0003361606299462885,VLO,Energy,-0.04342689784426147,2.4018710903462925,3.9834216434966295e-05,0.012703266932260439
177,1335,-0.006637591980945307,-1.4356813926392525e-05,1.4356813926392525e-05,0.0003359839021818671,EL,Consumer Staples,-0.0034386074851711374,2.2274570605209205,4.615388263157903e-05,0.012709586598457051
54,1325,-0.00721511396481286,-1.415162831451077e-05,1.415162831451077e-05,0.0003311820664190679,AVY,Materials,-0.02579579984404972,1.532341329663428,3.857223476690451e-05,0.012702004950592377
231,1325,-0.008544229160697829,-1.4054093949295166e-05,1.4054093949295166e-05,0.0003288995281908801,HPE,Information Technology,-0.010701991171183332,2.2012924986589892,3.9138433890857e-05,0.012702571149716329
45,1325,0.008801688592475416,1.4013660148368607e-05,1.4013660148368607e-05,0.0003279532802082148,ARES,Financials,-0.004799674044737609,2.0999069966686523,9.42308054557509e-06,0.012672855796371047
389,815,0.011536541517492631,1.389460556948989e-05,1.389460556948989e-05,0.00032516711733187096,O,Real Estate,-0.031057390745221205,1.2395064196422523,-2.5374727896097033e-06,0.012660895243035862
15,1325,-0.007243964050172944,-1.3574425442623121e-05,1.3574425442623121e-05,0.00031767413393198003,ARE,Real Estate,0.029666287648862314,1.811759447264375,4.18848415373645e-05,0.012705317557362837
96,1320,0.003565728380918715,1.3376622055099493e-05,1.3376622055099493e-05,0.00031304505993647415,CF,Materials,-0.020497447969724365,2.2948302479125715,1.144092826618173e-05,0.012674873644091655
366,1325,0.005559880222660688,1.3314732541878309e-05,1.3314732541878309e-05,0.00031159669679247856,PM,Consumer Staples,0.001682240160990606,1.3704776346241934,1.7292478646684956e-05,0.012680725194472157
307,1325,-0.005802339899058644,-1.3236984430196836e-05,1.3236984430196836e-05,0.00030977720438393015,MDT,Health Care,-0.029595154567351338,1.353984413306106,4.150290506511551e-05,0.012704935620890588
100,1321,-0.00646748175758372,-1.3006657678789648e-05,1.3006657678789648e-05,0.000304387005617587,CVX,Energy,0.009876644586133587,1.5757877532540698,4.16404319348367e-05,0.012705073147760308
51,1575,-0.006809690932790043,-1.296812812153268e-05,1.296812812153268e-05,0.0003034853215069684,ADSK,Information Technology,-0.00798647855791398,2.0488172771119815,4.283391399956745e-05,0.01270626662982504
76,1321,-0.005996683381537452,-1.2588087362130792e-05,1.2588087362130792e-05,0.00029459145564044245,BF-B,Consumer Staples,-0.005266875127649448,1.699593117849734,3.916563219142709e-05,0.012702598348016899
126,1555,-0.004474302008344931,-1.2338255227438696e-05,1.2338255227438696e-05,0.0002887447840923793,CPRT,Industrials,0.015609969526470329,1.5583215215120032,4.062482501573176e-05,0.012704057540841205
383,1325,0.005063600371122814,1.2104031711365258e-05,1.2104031711365258e-05,0.000283263391680624,DGX,Health Care,-0.018172747204828706,1.3841886661703227,1.4049440065513053e-05,0.012677482155890986
265,1308,-0.006119601868725981,-1.1740388018463159e-05,1.1740388018463159e-05,0.0002747532565230966,J,Industrials,-0.02571454432795422,1.552945291614779,3.704313792310932e-05,0.012700475853748582
367,1321,-0.005119553807191426,-1.1474426744166182e-05,1.1474426744166182e-05,0.0002685291243983994,PSX,Energy,-0.018416697257749623,2.125165911783128,3.961352160168303e-05,0.012703046237427155
426,1325,0.0036420726022378886,1.1212151045107842e-05,1.1212151045107842e-05,0.00026239124357965417,SYF,Financials,0.0035665213026059715,2.2695551607852837,9.34676410728038e-06,0.012672779479932752
364,1314,0.004891012098422508,1.1083087876482885e-05,1.1083087876482885e-05,0.0002593708556826673,PFE,Health Care,-0.0047548909051056045,1.5054374799869692,8.182834842914204e-06,0.012671615550668387
415,1321,-0.006703106434896087,-1.1054513302695e-05,1.1054513302695e-05,0.0002587021420771515,SNA,Industrials,-0.020704987347741587,1.4573954448244901,3.791517498079309e-05,0.012701347890806266
308,1318,-0.005347987093685424,-1.0574735079444397e-05,1.0574735079444397e-05,0.00024747418018699377,MRK,Health Care,-0.006064618229924587,1.3754416003307772,3.476410525779618e-05,0.01269819682108327
58,1325,-0.005485087954103969,-1.0485260232600814e-05,1.0485260232600814e-05,0.00024538025403152776,BAC,Financials,-0.01066072578262228,1.6811042458498051,3.709155568600794e-05,0.01270052427151148
467,392,0.014826177463232323,1.0017817421110931e-05,1.0017817421110931e-05,0.00023444097038151693,VLTO,Industrials,-0.051177101471222494,1.3117944385415816,-3.44678633021999e-06,0.012659985929495252
221,1325,0.007563459182244137,9.791966947974481e-06,9.791966947974481e-06,0.00022915552726976153,GL,Financials,0.0009935735420522477,1.6691231906587605,1.6484288692246466e-05,0.012679917004517718
435,1333,0.004221372583147808,9.765614621692717e-06,9.765614621692717e-06,0.00022853881958927535,TEL,Information Technology,0.008807974925600039,1.6396051194631989,1.6657914876476e-05,0.012680090630701949
176,1325,0.005377163272271653,9.626460190471261e-06,9.626460190471261e-06,0.00022528227192853466,ESS,Real Estate,-0.00051480452939259,1.5168185880378189,1.8181478722553617e-05,0.012681614194548026
280,1325,-0.00538799664923249,-9.381487939670462e-06,9.381487939670462e-06,0.00021954933332723255,LHX,Industrials,-0.009076635777850934,1.446452863811518,3.094257562077429e-05,0.012694375291446246
360,1317,0.003436528297493881,9.221247370917662e-06,9.221247370917662e-06,0.0002157993194416005,PAYX,Industrials,-0.0027385355411105056,1.4187248868472027,1.122142327999494e-05,0.012674654139105467
402,1315,-0.005372652700561344,-9.0052306664641e-06,9.0052306664641e-06,0.00021074401011803587,SPGI,Financials,-0.015526269050847738,1.4080010878349325,3.11576178074611e-05,0.012694590333632934
456,1319,0.004216927117760248,8.698727060102665e-06,8.698727060102665e-06,0.00020357109012157214,UDR,Real Estate,-0.00922405301983928,1.4858642688047177,1.9884298365596567e-05,0.01268331701419107
323,1325,-0.005483116831642443,-8.66689774611775e-06,8.66689774611775e-06,0.00020282620778408052,MS,Financials,0.0025396349943865603,1.7261665943582905,3.042033136019625e-05,0.012693853047185668
290,1325,-0.006959577699051693,-8.589029152628547e-06,8.589029152628547e-06,0.00020100389581207532,LMT,Industrials,-0.008723031831439477,1.358784654630305,3.1911101745371195e-05,0.012695343817570844
191,1325,-0.003453455727131346,-7.947167199004388e-06,7.947167199004388e-06,0.0001859827856307783,FRT,Real Estate,-0.008506819790756539,1.642046197249472,2.718040470409641e-05,0.012690613120529569
52,1325,0.0030324146838870197,7.828567870459174e-06,7.828567870459174e-06,0.00018320727670483774,ADP,Industrials,-0.011021675970661763,1.3664108851500247,1.8624591419460375e-05,0.012682057307244933
275,1325,0.003055690093120323,7.590438161556478e-06,7.590438161556478e-06,0.00017763447000602835,KMI,Energy,-0.012158602756577553,1.4526947827090053,1.3170373190105669e-05,0.012676603089015578
386,1319,0.0029720647228551568,7.572011243990373e-06,7.572011243990373e-06,0.0001772032359104424,RJF,Financials,0.015203693833852951,1.7324181201877493,1.9201522821299455e-05,0.012682634238646772
60,1305,0.005253088773825456,7.118087776509636e-06,7.118087776509636e-06,0.00016658033735662494,BDX,Health Care,-0.028653498703184364,1.3297687002651544,1.8944601364597578e-05,0.01268237731719007
276,1316,0.0032603239842137356,7.117812186581352e-06,7.117812186581352e-06,0.00016657388789088822,KKR,Financials,-0.010349382960303579,2.185399172029843,1.4952957681073556e-05,0.012678385673506546
461,1426,0.0009658203218747969,7.041461361360263e-06,7.041461361360263e-06,0.00016478709533899552,URI,Industrials,-0.04840040101523017,2.3412306333002704,2.1488196166238938e-05,0.012684920911991712
423,1335,-0.0030768626787866216,-6.7744269846579374e-06,6.7744269846579374e-06,0.00015853785004257104,STE,Health Care,-0.012080565353017525,1.4939509842227368,3.159659389221011e-05,0.012695029309717682
429,1465,-0.0018725367850093296,-6.4608554383533734e-06,6.4608554383533734e-06,0.00015119952328840642,TMUS,Communication Services,-0.022132582368943568,1.455498891359154,3.4135155058450764e-05,0.012697567870883924
68,1325,0.002873438711286291,6.382226762903419e-06,6.382226762903419e-06,0.00014935942357432555,BNY,Financials,0.011093993235415177,1.5169991875820827,1.8977678804287344e-05,0.01268241039462976
65,1325,-0.003448388706306195,-6.089550113949534e-06,6.089550113949534e-06,0.00014251008756584893,BLK,Financials,0.0034211264009381664,1.5643892053733888,3.0864610898233964e-05,0.012694297326723706
250,1575,-0.0009910789517274562,-6.050145789700794e-06,6.050145789700794e-06,0.0001415879318081851,PODD,Health Care,-0.01306391015464258,2.4599060809972504,3.5915911163434204e-05,0.012699348626988906
264,1325,0.004106142800505559,6.011763437751875e-06,6.011763437751875e-06,0.00014068969265506709,JKHY,Financials,-0.020737670824182496,1.3960921063687513,1.7184722553880128e-05,0.012680617438379352
186,1323,-0.003420875857378399,-5.455099775762177e-06,5.455099775762177e-06,0.00012766242697362476,XOM,Energy,0.03744111235064621,1.7456074379172375,3.139450134628202e-05,0.012694827217171755
256,1325,0.0034311782110471117,5.449257213304085e-06,5.449257213304085e-06,0.0001275256969899755,INTU,Information Technology,0.026523319897747453,2.1109324753798573,2.2169541762653772e-05,0.012685602257588127
178,1345,0.003276671819007323,5.362169372047736e-06,5.362169372047736e-06,0.00012548763249405602,EG,Financials,-0.003559105179008364,1.5753618369547828,1.974839864788393e-05,0.012683181114473356
413,1320,-0.0018076483280410943,-5.344840484369534e-06,5.344840484369534e-06,0.00012508209493311496,SJM,Consumer Staples,-0.0314411358183493,1.4499650796280739,2.8982699100354858e-05,0.012692415414925827
210,1297,0.0019578895606839,5.201363354769723e-06,5.201363354769723e-06,0.00012172438575585945,GE,Industrials,0.08764233833874245,1.9964351024193931,2.352176487315978e-05,0.012686954480698632
3,1325,0.0019699786886653316,5.156515772044088e-06,5.156515772044088e-06,0.00012067484468603455,ABT,Health Care,-0.042845093494637915,1.4042405365648731,2.287071471041603e-05,0.012686303430535888
75,1322,0.0012785369036059438,4.729294321049658e-06,4.729294321049658e-06,0.00011067683740274483,BRO,Financials,0.0034613525902259927,1.395294824143242,1.5595320123784393e-05,0.012679028035949256
462,1325,0.0016785618699696615,4.535342571429877e-06,4.535342571429877e-06,0.00010613790097810673,UNH,Health Care,0.015439705210357821,1.6795182554115415,2.238593080806856e-05,0.012685818646633542
447,1335,0.0027352785002120903,4.383155670502979e-06,4.383155670502979e-06,0.00010257636224837602,TT,Industrials,0.014838588297608044,1.6325629073805676,2.2770339736927153e-05,0.0126862030555624
268,1325,0.0026689156592276473,4.338165385371028e-06,4.338165385371028e-06,0.00010152348159975804,JPM,Financials,6.449573049284334e-05,1.5225177439134088,2.19278282892912e-05,0.012685360544114763
468,1521,0.0009178064774518607,4.213604082182788e-06,4.213604082182788e-06,9.860844815845192e-05,VRSN,Information Technology,-0.004314065703650731,1.4085473993786461,2.6782296580854448e-05,0.012690215012406327
24,1335,0.0024293029754354667,4.121008556674718e-06,4.121008556674718e-06,9.644149063261881e-05,AMCR,Materials,-0.023749200619243006,1.4720709478602008,1.5774479647289763e-05,0.012679207195472763
469,1325,-0.0016471857331653566,-3.6832748188871995e-06,3.6832748188871995e-06,8.619747060891848e-05,VRSK,Industrials,0.009224442689609874,1.4253931748913964,2.7472764304480278e-05,0.012690905480129952
449,1325,0.00019907987965799197,3.5552873516716243e-06,3.5552873516716243e-06,8.320225670659079e-05,TRV,Financials,-0.036142896822338934,1.4259505541130586,2.2721275741890365e-05,0.012686153991567363
38,1322,-0.002297530960262485,-3.2553725184829242e-06,3.2553725184829242e-06,7.618352981540212e-05,APO,Financials,-0.02744944478325005,2.1390603632327148,3.2998100121229366e-05,0.012696430815946702
66,1325,0.000929206521711939,3.2405124674778885e-06,3.2405124674778885e-06,7.583576895781273e-05,BX,Financials,-0.006022398256510657,2.1703454862639253,1.636833382084274e-05,0.012679801049646316
206,1325,-0.0008582686007193196,-3.2166399459103688e-06,3.2166399459103688e-06,7.527709465916273e-05,BEN,Financials,0.016080502124493846,2.0270117268420242,3.0322673434104297e-05,0.012693755389259577
36,1345,-0.0016920213823253863,-3.2089252893417054e-06,3.2089252893417054e-06,7.509655318030664e-05,AON,Financials,-0.041935607255401304,1.3875380527481593,2.4359362749430932e-05,0.012687792078574903
410,1313,0.0004238465046836601,3.1348787811807656e-06,3.1348787811807656e-06,7.336368717797451e-05,SHW,Materials,-0.00047471961371525,1.4856496903594718,1.793476381248003e-05,0.012681367479637952
212,282,0.008494162221042646,3.0373449840362092e-06,3.0373449840362092e-06,7.10811622440126e-05,GEV,Industrials,2.180884246924324,3.0957628636731167,5.335992205080879e-06,0.012668768708030553
349,1325,-0.0025982759131728526,-2.9383495377545356e-06,2.9383495377545356e-06,6.87644312122892e-05,OMC,Communication Services,-0.000991499160272756,1.7517775118032204,2.4770433120547113e-05,0.012688203148946019
30,1320,0.0009048207449073561,2.8994202813458803e-06,2.8994202813458803e-06,6.785339318224454e-05,AWK,Utilities,-0.000652499003569943,1.3613931958769412,1.6981918859628588e-05,0.0126804146346851
458,1325,0.0008415543570876828,2.7732459581025605e-06,2.7732459581025605e-06,6.490061120040694e-05,UNP,Industrials,-0.01822965768598055,1.3693073367882413,1.6823478945302653e-05,0.012680256194770775
336,1325,0.001657499865532601,2.619134833809329e-06,2.619134833809329e-06,6.129404102577452e-05,NDSN,Industrials,-0.018932810367036312,1.4792569236552595,1.967340243560012e-05,0.012683106118261072
164,1325,-1.3407967153661808e-05,-2.4379644796175376e-06,2.4379644796175376e-06,5.7054219929456665e-05,ECL,Materials,-0.0196754097888126,1.4391962882071359,2.8179182351588516e-05,0.01269161189817706
488,1322,-0.0017041693314934537,-1.8651313927002414e-06,1.8651313927002414e-06,4.364855089814406e-05,WFC,Financials,0.018093620588216803,1.9127537256404314,2.034820632451925e-05,0.012683780922149992
233,1325,0.0011725124157608965,1.693718272893153e-06,1.693718272893153e-06,3.963707250375737e-05,HD,Consumer Discretionary,-0.015466801788163719,1.3887952972902666,2.8218556180800407e-05,0.012691651272006273
370,1321,-0.0020659327557917863,1.5202013685011646e-06,1.5202013685011646e-06,3.557636050100823e-05,PPG,Materials,-0.00676088451954327,1.6157610413089125,1.6196528085915348e-05,0.012679629243911387
180,1325,-0.00011916944983177156,-1.3893057540597795e-06,1.3893057540597795e-06,3.2513088974053194e-05,ES,Utilities,-0.017110816406319805,1.4051570637249848,2.2471833269054186e-05,0.012685904549094526
304,1315,-0.002211137811597216,-9.819585013985402e-07,9.819585013985402e-07,2.2980185629768098e-05,MKC,Consumer Staples,-0.022664504596210593,1.379059486068156,3.182700832228384e-05,0.012695259724147756
93,1249,0.0012050534441451692,9.484815354027934e-07,9.484815354027934e-07,2.219674428086382e-05,COR,Health Care,-0.004811282354948605,1.3286444264353943,2.4402795380963177e-05,0.012687835511206436
269,477,0.000656765011921412,-8.678553535143856e-07,8.678553535143856e-07,2.0309898122114515e-05,KVUE,Consumer Staples,-0.007626325115268011,1.5957064654344253,1.396252225179447e-05,0.012677395238077267
312,1465,-0.0031753016547476785,6.634487157604394e-07,6.634487157604394e-07,1.552629222344122e-05,MGM,Consumer Discretionary,-0.007989388335319635,2.4976907252153953,2.9076629234591733e-05,0.012692509345060063
165,1325,0.0002611871887149293,5.136128704894857e-07,5.136128704894857e-07,1.2019773838585118e-05,EIX,Utilities,0.002114127516428436,1.5194974795316563,2.836469006569855e-05,0.01269179740589117
428,1325,-0.0009317694115587061,4.791698052480157e-07,4.791698052480157e-07,1.1213723448696036e-05,SYY,Consumer Staples,-0.016852557490464486,1.5842545144467157,2.6168517934013753e-05,0.012689601233759486
147,1565,0.003657331920954635,1.3857804917472842e-07,1.3857804917472842e-07,3.2430589375323318e-06,DXCM,Health Care,-0.012651706877789439,2.6259763262817017,2.383279916848409e-05,0.012687265514993957
